net,epoch,loss,pde_loss,bc_loss,epoch_time_s,elapsed_s,lambda_weight;;;;;;;;
Net1,1,0.035779,0.010013,0.025765,0.009,0.009,1.000;;;;;;;;
Net1,200,0.041600,0.012635,0.028965,0.013,2.140,1.000;;;;;;;;
Net1,400,0.041026,0.014316,0.026710,0.008,3.985,1.000;;;;;;;;
Net1,600,0.046167,0.020531,0.025636,0.008,5.710,1.000;;;;;;;;
Net1,800,0.054936,0.028797,0.026138,0.008,7.392,1.000;;;;;;;;
Net1,1000,0.056323,0.031347,0.024976,0.008,9.098,1.000;;;;;;;;
Net1,1200,0.070367,0.045554,0.024812,0.008,10.798,1.000;;;;;;;;
Net1,1400,0.105389,0.081549,0.023840,0.008,12.489,1.000;;;;;;;;
Net1,1600,0.061734,0.036326,0.025408,0.008,14.684,1.000;;;;;;;;
Net1,1800,0.054691,0.030124,0.024567,0.009,16.368,1.000;;;;;;;;
Net1,2000,0.043162,0.021078,0.022084,0.009,18.035,1.000;;;;;;;;
Net1,2200,0.045337,0.023327,0.022010,0.009,19.722,1.000;;;;;;;;
Net1,2400,0.107623,0.085277,0.022346,0.010,21.425,1.000;;;;;;;;
Net1,2600,0.068106,0.046818,0.021288,0.008,23.116,1.000;;;;;;;;
Net1,2800,0.038696,0.017164,0.021532,0.010,24.886,1.000;;;;;;;;
Net1,3000,0.048863,0.027619,0.021244,0.008,26.986,1.000;;;;;;;;
Net1,3200,0.055082,0.035288,0.019794,0.008,28.670,1.000;;;;;;;;
Net1,3400,0.041825,0.022594,0.019231,0.008,30.376,1.000;;;;;;;;
Net1,3600,0.084574,0.064350,0.020224,0.009,32.053,1.000;;;;;;;;
Net1,3800,0.061727,0.042373,0.019355,0.008,33.718,1.000;;;;;;;;
Net1,4000,0.048547,0.028315,0.020232,0.008,35.418,1.000;;;;;;;;
Net1,4200,0.050735,0.031163,0.019571,0.010,37.271,1.000;;;;;;;;
Net1,4400,0.037903,0.019584,0.018319,0.008,39.278,1.000;;;;;;;;
Net1,4600,0.033953,0.016411,0.017542,0.008,40.943,1.000;;;;;;;;
Net1,4800,0.040423,0.021393,0.019030,0.008,42.626,1.000;;;;;;;;
Net1,5000,0.101216,0.083654,0.017562,0.008,44.301,1.000;;;;;;;;
Net1,5200,0.036031,0.018565,0.017466,0.008,45.994,1.000;;;;;;;;
Net1,5400,0.032284,0.015760,0.016525,0.010,47.732,1.000;;;;;;;;
Net1,5600,0.045834,0.029802,0.016032,0.014,49.748,1.000;;;;;;;;
Net1,5800,0.034042,0.017161,0.016881,0.008,51.719,1.000;;;;;;;;
Net1,6000,0.037350,0.021363,0.015987,0.008,53.411,1.000;;;;;;;;
Net1,6200,0.030275,0.014588,0.015687,0.008,55.114,1.000;;;;;;;;
Net1,6400,0.045465,0.029868,0.015598,0.011,56.825,1.000;;;;;;;;
Net1,6600,0.032780,0.018923,0.013857,0.008,58.527,1.000;;;;;;;;
Net1,6800,0.126115,0.110136,0.015979,0.008,60.224,1.000;;;;;;;;
Net1,7000,0.031637,0.016688,0.014948,0.010,62.339,1.000;;;;;;;;
Net1,7200,0.030718,0.015722,0.014996,0.008,64.399,1.000;;;;;;;;
Net1,7400,0.031650,0.016583,0.015067,0.011,66.216,1.000;;;;;;;;
Net1,7600,0.036136,0.022220,0.013916,0.008,67.911,1.000;;;;;;;;
Net1,7800,0.028078,0.015463,0.012615,0.009,69.622,1.000;;;;;;;;
Net1,8000,0.027127,0.014211,0.012916,0.009,71.409,1.000;;;;;;;;
Net1,8200,0.029487,0.017534,0.011954,0.012,73.310,1.000;;;;;;;;
Net1,8400,0.028135,0.014387,0.013748,0.009,75.433,1.000;;;;;;;;
Net1,8600,0.027062,0.012966,0.014097,0.009,77.131,1.000;;;;;;;;
Net1,8800,0.023755,0.011430,0.012325,0.008,78.862,1.000;;;;;;;;
Net1,9000,0.025109,0.012904,0.012205,0.008,80.564,1.000;;;;;;;;
Net1,9200,0.027002,0.014815,0.012187,0.008,82.259,1.000;;;;;;;;
Net1,9400,0.027986,0.015742,0.012243,0.008,83.944,1.000;;;;;;;;
Net1,9600,0.028138,0.015713,0.012425,0.014,85.901,1.000;;;;;;;;
Net1,9800,0.028933,0.018028,0.010905,0.008,87.927,1.000;;;;;;;;
Net1,10000,0.025172,0.013164,0.012008,0.008,89.640,1.000;;;;;;;;
Net1,10200,0.024244,0.012581,0.011664,0.009,91.410,1.000;;;;;;;;
Net1,10400,0.022582,0.012090,0.010492,0.008,93.133,1.000;;;;;;;;
Net1,10600,0.023594,0.011935,0.011660,0.009,94.867,1.000;;;;;;;;
Net1,10800,0.024011,0.013595,0.010416,0.008,96.589,1.000;;;;;;;;
Net1,11000,0.024375,0.012586,0.011789,0.015,98.741,1.000;;;;;;;;
Net1,11200,0.024417,0.012628,0.011789,0.009,100.593,1.000;;;;;;;;
Net1,11400,0.022732,0.011148,0.011584,0.008,102.315,1.000;;;;;;;;
Net1,11600,0.022850,0.012292,0.010558,0.010,104.054,1.000;;;;;;;;
Net1,11800,0.021630,0.011241,0.010389,0.008,105.798,1.000;;;;;;;;
Net1,12000,0.020615,0.010217,0.010398,0.008,107.508,1.000;;;;;;;;
Net1,12200,0.021547,0.011229,0.010318,0.010,109.287,1.000;;;;;;;;
Net1,12400,0.020615,0.010345,0.010270,0.008,111.456,1.000;;;;;;;;
Net1,12600,0.020474,0.009926,0.010548,0.008,113.194,1.000;;;;;;;;
Net1,12800,0.019975,0.009305,0.010670,0.008,114.904,1.000;;;;;;;;
Net1,13000,0.020808,0.010401,0.010407,0.008,116.639,1.000;;;;;;;;
Net1,13200,0.021055,0.010355,0.010701,0.008,118.413,1.000;;;;;;;;
Net1,13400,0.019065,0.009490,0.009574,0.008,120.138,1.000;;;;;;;;
Net1,13600,0.020145,0.010339,0.009806,0.010,122.104,1.000;;;;;;;;
Net1,13800,0.018906,0.008935,0.009971,0.008,124.115,1.000;;;;;;;;
Net1,14000,0.019624,0.010131,0.009493,0.009,125.782,1.000;;;;;;;;
Net1,14200,0.019654,0.009326,0.010327,0.008,127.449,1.000;;;;;;;;
Net1,14400,0.018497,0.008674,0.009822,0.008,129.173,1.000;;;;;;;;
Net1,14600,0.018150,0.008086,0.010064,0.008,130.888,1.000;;;;;;;;
Net1,14800,0.018107,0.008431,0.009676,0.009,132.596,1.000;;;;;;;;
Net1,15000,0.018343,0.008431,0.009912,0.013,134.573,1.000;;;;;;;;
Net1,15200,0.018980,0.009779,0.009201,0.008,136.482,1.000;;;;;;;;
Net1,15400,0.017599,0.008543,0.009056,0.009,138.184,1.000;;;;;;;;
Net1,15600,0.015973,0.006890,0.009083,0.008,139.838,1.000;;;;;;;;
Net1,15800,0.017205,0.007797,0.009407,0.009,141.523,1.000;;;;;;;;
Net1,16000,0.018063,0.008885,0.009178,0.008,143.231,1.000;;;;;;;;
Net1,16200,0.017195,0.007757,0.009438,0.008,144.925,1.000;;;;;;;;
Net1,16400,0.016395,0.007346,0.009048,0.012,147.017,1.000;;;;;;;;
Net1,16600,0.017611,0.008072,0.009539,0.008,148.836,1.000;;;;;;;;
Net1,16800,0.017821,0.008670,0.009150,0.008,150.529,1.000;;;;;;;;
Net1,17000,0.016965,0.007802,0.009163,0.008,152.210,1.000;;;;;;;;
Net1,17200,0.017385,0.008097,0.009288,0.008,153.891,1.000;;;;;;;;
Net1,17400,0.017499,0.007962,0.009536,0.008,155.563,1.000;;;;;;;;
Net1,17600,0.016854,0.007612,0.009242,0.008,157.254,1.000;;;;;;;;
Net1,17800,0.017302,0.008036,0.009265,0.009,159.448,1.000;;;;;;;;
Net1,18000,0.016182,0.007442,0.008739,0.008,161.165,1.000;;;;;;;;
Net1,18200,0.016905,0.007430,0.009475,0.008,162.842,1.000;;;;;;;;
Net1,18400,0.016262,0.007142,0.009120,0.009,164.554,1.000;;;;;;;;
Net1,18600,0.017346,0.008892,0.008454,0.008,166.243,1.000;;;;;;;;
Net1,18800,0.017504,0.008051,0.009453,0.008,167.906,1.000;;;;;;;;
Net1,19000,0.016512,0.007486,0.009026,0.010,169.654,1.000;;;;;;;;
Net1,19200,0.015957,0.007159,0.008798,0.010,171.784,1.000;;;;;;;;
Net1,19400,0.016307,0.007063,0.009244,0.008,173.483,1.000;;;;;;;;
Net1,19600,0.015209,0.006935,0.008274,0.008,175.171,1.000;;;;;;;;
Net1,19800,0.016471,0.007387,0.009084,0.008,176.850,1.000;;;;;;;;
Net1,20000,0.015963,0.006980,0.008983,0.008,178.585,1.000;;;;;;;;
Net2,1,0.035609,0.013265,0.022343,0.011,0.011,1.000;;;;;;;;
Net2,200,0.041779,0.014073,0.027706,0.016,1.974,1.000;;;;;;;;
Net2,400,0.039857,0.015787,0.024070,0.012,4.248,1.000;;;;;;;;
Net2,600,0.037616,0.015072,0.022544,0.011,6.471,1.000;;;;;;;;
Net2,800,0.739271,0.717263,0.022009,0.010,8.466,1.000;;;;;;;;
Net2,1000,0.048409,0.026654,0.021756,0.010,10.454,1.000;;;;;;;;
Net2,1200,0.057061,0.036073,0.020988,0.010,12.453,1.000;;;;;;;;
Net2,1400,0.224623,0.204236,0.020387,0.011,14.460,1.000;;;;;;;;
Net2,1600,0.295097,0.273198,0.021899,0.015,16.919,1.000;;;;;;;;
Net2,1800,0.074281,0.053425,0.020856,0.010,18.938,1.000;;;;;;;;
Net2,2000,0.086540,0.067498,0.019041,0.009,20.909,1.000;;;;;;;;
Net2,2200,0.106246,0.088074,0.018172,0.011,22.941,1.000;;;;;;;;
Net2,2400,0.301673,0.282359,0.019314,0.010,24.939,1.000;;;;;;;;
Net2,2600,0.047047,0.028744,0.018303,0.016,26.932,1.000;;;;;;;;
Net2,2800,0.046539,0.027799,0.018740,0.011,29.472,1.000;;;;;;;;
Net2,3000,0.234618,0.216646,0.017972,0.010,31.448,1.000;;;;;;;;
Net2,3200,0.163203,0.146451,0.016752,0.010,33.455,1.000;;;;;;;;
Net2,3400,0.031827,0.015898,0.015930,0.011,35.443,1.000;;;;;;;;
Net2,3600,0.044588,0.026875,0.017712,0.010,37.428,1.000;;;;;;;;
Net2,3800,0.086846,0.070112,0.016733,0.011,39.546,1.000;;;;;;;;
Net2,4000,0.046901,0.029396,0.017505,0.010,41.935,1.000;;;;;;;;
Net2,4200,0.119620,0.102435,0.017185,0.010,43.918,1.000;;;;;;;;
Net2,4400,0.044864,0.029013,0.015851,0.009,45.896,1.000;;;;;;;;
Net2,4600,0.217412,0.202354,0.015058,0.009,47.873,1.000;;;;;;;;
Net2,4800,0.062717,0.045848,0.016868,0.010,49.845,1.000;;;;;;;;
Net2,5000,0.116367,0.100794,0.015573,0.013,52.052,1.000;;;;;;;;
Net2,5200,0.045820,0.029975,0.015844,0.010,54.357,1.000;;;;;;;;
Net2,5400,0.035086,0.020233,0.014852,0.010,56.337,1.000;;;;;;;;
Net2,5600,0.069364,0.055540,0.013825,0.009,58.343,1.000;;;;;;;;
Net2,5800,0.521776,0.507121,0.014655,0.010,60.348,1.000;;;;;;;;
Net2,6000,0.073323,0.058783,0.014539,0.010,62.343,1.000;;;;;;;;
Net2,6200,0.193137,0.178909,0.014228,0.013,64.655,1.000;;;;;;;;
Net2,6400,0.037094,0.023192,0.013903,0.010,66.862,1.000;;;;;;;;
Net2,6600,0.128829,0.116571,0.012258,0.010,68.872,1.000;;;;;;;;
Net2,6800,0.050174,0.035468,0.014706,0.010,70.894,1.000;;;;;;;;
Net2,7000,0.139177,0.125768,0.013409,0.010,72.912,1.000;;;;;;;;
Net2,7200,0.047164,0.033449,0.013716,0.010,74.918,1.000;;;;;;;;
Net2,7400,0.149536,0.136206,0.013330,0.011,77.448,1.000;;;;;;;;
Net2,7600,0.026294,0.013389,0.012905,0.010,79.455,1.000;;;;;;;;
Net2,7800,0.032633,0.020870,0.011763,0.010,81.498,1.000;;;;;;;;
Net2,8000,0.029979,0.017785,0.012194,0.010,83.526,1.000;;;;;;;;
Net2,8200,0.030320,0.018858,0.011462,0.009,85.555,1.000;;;;;;;;
Net2,8400,0.046174,0.032441,0.013733,0.013,87.596,1.000;;;;;;;;
Net2,8600,0.032574,0.019312,0.013262,0.010,90.074,1.000;;;;;;;;
Net2,8800,0.063613,0.052214,0.011399,0.010,92.065,1.000;;;;;;;;
Net2,9000,0.038271,0.027213,0.011058,0.010,94.078,1.000;;;;;;;;
Net2,9200,0.053731,0.042367,0.011365,0.010,96.075,1.000;;;;;;;;
Net2,9400,0.027468,0.016186,0.011282,0.010,98.052,1.000;;;;;;;;
Net2,9600,0.033237,0.021022,0.012214,0.012,100.179,1.000;;;;;;;;
Net2,9800,0.032489,0.022118,0.010371,0.009,102.515,1.000;;;;;;;;
Net2,10000,0.027509,0.016393,0.011117,0.009,104.497,1.000;;;;;;;;
Net2,10200,0.024928,0.013793,0.011134,0.011,106.478,1.000;;;;;;;;
Net2,10400,0.022398,0.012911,0.009487,0.011,108.449,1.000;;;;;;;;
Net2,10600,0.030802,0.019693,0.011109,0.009,110.436,1.000;;;;;;;;
Net2,10800,0.023969,0.014018,0.009950,0.011,112.676,1.000;;;;;;;;
Net2,11000,0.037210,0.025902,0.011308,0.010,114.925,1.000;;;;;;;;
Net2,11200,0.025705,0.014069,0.011635,0.010,116.899,1.000;;;;;;;;
Net2,11400,0.039234,0.028317,0.010917,0.010,118.864,1.000;;;;;;;;
Net2,11600,0.026644,0.016493,0.010150,0.010,120.886,1.000;;;;;;;;
Net2,11800,0.063564,0.053097,0.010467,0.009,122.871,1.000;;;;;;;;
Net2,12000,0.022465,0.012417,0.010048,0.013,125.224,1.000;;;;;;;;
Net2,12200,0.075203,0.065647,0.009555,0.010,127.388,1.000;;;;;;;;
Net2,12400,0.023811,0.014294,0.009517,0.010,129.365,1.000;;;;;;;;
Net2,12600,0.024225,0.014421,0.009804,0.010,131.360,1.000;;;;;;;;
Net2,12800,0.022506,0.012080,0.010427,0.010,133.364,1.000;;;;;;;;
Net2,13000,0.025977,0.015558,0.010419,0.010,135.402,1.000;;;;;;;;
Net2,13200,0.022808,0.012024,0.010785,0.010,137.935,1.000;;;;;;;;
Net2,13400,0.021239,0.011790,0.009449,0.010,139.922,1.000;;;;;;;;
Net2,13600,0.024296,0.014569,0.009727,0.010,141.915,1.000;;;;;;;;
Net2,13800,0.021636,0.011632,0.010003,0.010,143.883,1.000;;;;;;;;
Net2,14000,0.023546,0.014377,0.009169,0.009,145.876,1.000;;;;;;;;
Net2,14200,0.020352,0.010460,0.009892,0.012,147.906,1.000;;;;;;;;
Net2,14400,0.019017,0.009315,0.009702,0.010,150.385,1.000;;;;;;;;
Net2,14600,0.021148,0.011210,0.009938,0.010,152.376,1.000;;;;;;;;
Net2,14800,0.020192,0.010651,0.009542,0.010,154.382,1.000;;;;;;;;
Net2,15000,0.020676,0.010903,0.009772,0.009,156.387,1.000;;;;;;;;
Net2,15200,0.020406,0.011302,0.009104,0.010,158.360,1.000;;;;;;;;
Net2,15400,0.019126,0.010086,0.009040,0.012,160.525,1.000;;;;;;;;
Net2,15600,0.018501,0.009375,0.009126,0.009,162.882,1.000;;;;;;;;
Net2,15800,0.018388,0.009364,0.009023,0.010,164.857,1.000;;;;;;;;
Net2,16000,0.020802,0.011490,0.009312,0.010,166.855,1.000;;;;;;;;
Net2,16200,0.019987,0.010892,0.009094,0.010,168.847,1.000;;;;;;;;
Net2,16400,0.017949,0.008809,0.009140,0.010,170.833,1.000;;;;;;;;
Net2,16600,0.020855,0.011167,0.009688,0.012,173.050,1.000;;;;;;;;
Net2,16800,0.019197,0.010212,0.008985,0.010,175.301,1.000;;;;;;;;
Net2,17000,0.020532,0.011539,0.008993,0.010,177.281,1.000;;;;;;;;
Net2,17200,0.018224,0.009027,0.009197,0.010,179.251,1.000;;;;;;;;
Net2,17400,0.019019,0.009312,0.009707,0.009,181.227,1.000;;;;;;;;
Net2,17600,0.018760,0.009262,0.009498,0.009,183.212,1.000;;;;;;;;
Net2,17800,0.019102,0.010480,0.008622,0.018,185.499,1.000;;;;;;;;
Net2,18000,0.018276,0.009767,0.008509,0.009,187.651,1.000;;;;;;;;
Net2,18200,0.018045,0.008737,0.009308,0.010,189.655,1.000;;;;;;;;
Net2,18400,0.019484,0.010436,0.009048,0.010,191.690,1.000;;;;;;;;
Net2,18600,0.018839,0.010370,0.008469,0.010,193.659,1.000;;;;;;;;
Net2,18800,0.018196,0.008798,0.009398,0.010,195.638,1.000;;;;;;;;
Net2,19000,0.018501,0.009846,0.008655,0.011,198.138,1.000;;;;;;;;
Net2,19200,0.017492,0.009337,0.008155,0.011,200.100,1.000;;;;;;;;
Net2,19400,0.017638,0.008170,0.009469,0.009,202.070,1.000;;;;;;;;
Net2,19600,0.016332,0.007892,0.008440,0.011,204.046,1.000;;;;;;;;
Net2,19800,0.019253,0.009795,0.009458,0.010,206.009,1.000;;;;;;;;
Net2,20000,0.016504,0.007306,0.009198,0.009,207.941,1.000;;;;;;;;
Net3,1,0.015360,0.006321,0.009039,0.013,0.013,1.000;;;;;;;;
Net3,200,0.058923,0.024011,0.034912,0.011,2.536,1.000;;;;;;;;
Net3,400,0.083250,0.063638,0.019612,0.011,4.522,1.000;;;;;;;;
Net3,600,0.027884,0.013214,0.014670,0.010,6.493,1.000;;;;;;;;
Net3,800,0.175227,0.162344,0.012883,0.010,8.488,1.000;;;;;;;;
Net3,1000,0.024993,0.013600,0.011393,0.010,10.462,1.000;;;;;;;;
Net3,1200,0.054437,0.042568,0.011869,0.016,12.505,1.000;;;;;;;;
Net3,1400,0.080514,0.069914,0.010600,0.010,14.966,1.000;;;;;;;;
Net3,1600,0.025318,0.013478,0.011839,0.010,16.940,1.000;;;;;;;;
Net3,1800,0.057398,0.045856,0.011542,0.010,18.901,1.000;;;;;;;;
Net3,2000,0.036631,0.025888,0.010743,0.010,20.876,1.000;;;;;;;;
Net3,2200,0.560799,0.550575,0.010224,0.010,22.832,1.000;;;;;;;;
Net3,2400,1.000955,0.990323,0.010632,0.013,25.003,1.000;;;;;;;;
Net3,2600,0.299292,0.287608,0.011684,0.010,27.326,1.000;;;;;;;;
Net3,2800,0.026349,0.016351,0.009999,0.010,29.307,1.000;;;;;;;;
Net3,3000,0.027575,0.017342,0.010233,0.009,31.281,1.000;;;;;;;;
Net3,3200,0.039568,0.030224,0.009344,0.011,33.255,1.000;;;;;;;;
Net3,3400,0.055497,0.046409,0.009088,0.010,35.229,1.000;;;;;;;;
Net3,3600,0.453565,0.443873,0.009692,0.014,37.474,1.000;;;;;;;;
Net3,3800,0.063378,0.054450,0.008928,0.009,39.732,1.000;;;;;;;;
Net3,4000,0.053666,0.044424,0.009242,0.010,41.727,1.000;;;;;;;;
Net3,4200,0.093928,0.084538,0.009391,0.009,43.722,1.000;;;;;;;;
Net3,4400,0.067658,0.059324,0.008334,0.009,45.675,1.000;;;;;;;;
Net3,4600,0.076651,0.068643,0.008008,0.009,47.637,1.000;;;;;;;;
Net3,4800,0.043499,0.034699,0.008800,0.013,49.970,1.000;;;;;;;;
Net3,5000,0.076231,0.066977,0.009254,0.010,52.089,1.000;;;;;;;;
Net3,5200,0.036298,0.028058,0.008240,0.010,54.057,1.000;;;;;;;;
Net3,5400,0.027233,0.019236,0.007996,0.009,56.026,1.000;;;;;;;;
Net3,5600,0.074322,0.066961,0.007361,0.010,58.003,1.000;;;;;;;;
Net3,5800,0.132098,0.124469,0.007629,0.010,59.976,1.000;;;;;;;;
Net3,6000,0.053570,0.045978,0.007593,0.016,62.432,1.000;;;;;;;;
Net3,6200,0.036983,0.030017,0.006966,0.009,64.418,1.000;;;;;;;;
Net3,6400,0.050541,0.043818,0.006723,0.009,66.386,1.000;;;;;;;;
Net3,6600,0.053549,0.047107,0.006443,0.010,68.357,1.000;;;;;;;;
Net3,6800,0.045134,0.038098,0.007036,0.009,70.321,1.000;;;;;;;;
Net3,7000,0.029325,0.022662,0.006663,0.010,72.275,1.000;;;;;;;;
Net3,7200,0.039708,0.033124,0.006585,0.010,74.814,1.000;;;;;;;;
Net3,7400,0.166427,0.159827,0.006600,0.009,76.763,1.000;;;;;;;;
Net3,7600,0.050871,0.044739,0.006132,0.009,78.742,1.000;;;;;;;;
Net3,7800,0.121981,0.116344,0.005637,0.009,80.710,1.000;;;;;;;;
Net3,8000,0.013673,0.008064,0.005609,0.009,82.655,1.000;;;;;;;;
Net3,8200,0.035934,0.030407,0.005527,0.014,84.667,1.000;;;;;;;;
Net3,8400,0.026863,0.020902,0.005961,0.010,87.145,1.000;;;;;;;;
Net3,8600,0.016364,0.010151,0.006213,0.009,89.116,1.000;;;;;;;;
Net3,8800,0.013961,0.008491,0.005471,0.010,91.064,1.000;;;;;;;;
Net3,9000,0.014493,0.009343,0.005150,0.009,93.050,1.000;;;;;;;;
Net3,9200,0.016230,0.011205,0.005025,0.010,94.995,1.000;;;;;;;;
Net3,9400,0.041894,0.036585,0.005309,0.011,97.078,1.000;;;;;;;;
Net3,9600,0.012372,0.007089,0.005284,0.009,99.430,1.000;;;;;;;;
Net3,9800,0.036408,0.031599,0.004808,0.010,101.384,1.000;;;;;;;;
Net3,10000,0.021999,0.016984,0.005015,0.010,103.348,1.000;;;;;;;;
Net3,10200,0.044566,0.039509,0.005057,0.010,105.311,1.000;;;;;;;;
Net3,10400,0.016775,0.012307,0.004467,0.010,107.310,1.000;;;;;;;;
Net3,10600,0.015076,0.010279,0.004797,0.012,109.462,1.000;;;;;;;;
Net3,10800,0.011252,0.006809,0.004443,0.011,111.741,1.000;;;;;;;;
Net3,11000,0.011941,0.007008,0.004932,0.010,113.680,1.000;;;;;;;;
Net3,11200,0.014066,0.008994,0.005072,0.009,115.663,1.000;;;;;;;;
Net3,11400,0.018667,0.013792,0.004874,0.010,117.641,1.000;;;;;;;;
Net3,11600,0.015081,0.010605,0.004476,0.010,119.610,1.000;;;;;;;;
Net3,11800,0.015012,0.010653,0.004359,0.011,121.815,1.000;;;;;;;;
Net3,12000,0.010081,0.005798,0.004283,0.011,124.069,1.000;;;;;;;;
Net3,12200,0.018268,0.014076,0.004193,0.009,126.031,1.000;;;;;;;;
Net3,12400,0.011199,0.006956,0.004243,0.009,128.002,1.000;;;;;;;;
Net3,12600,0.011892,0.007432,0.004460,0.010,129.964,1.000;;;;;;;;
Net3,12800,0.010406,0.005907,0.004499,0.010,131.956,1.000;;;;;;;;
Net3,13000,0.014107,0.009729,0.004379,0.014,134.269,1.000;;;;;;;;
Net3,13200,0.009671,0.005307,0.004364,0.009,136.412,1.000;;;;;;;;
Net3,13400,0.013949,0.010014,0.003934,0.009,138.364,1.000;;;;;;;;
Net3,13600,0.012963,0.008977,0.003987,0.009,140.314,1.000;;;;;;;;
Net3,13800,0.012415,0.008327,0.004089,0.009,142.239,1.000;;;;;;;;
Net3,14000,0.010002,0.006241,0.003761,0.010,144.186,1.000;;;;;;;;
Net3,14200,0.013295,0.009153,0.004142,0.018,146.549,1.000;;;;;;;;
Net3,14400,0.008328,0.004356,0.003972,0.009,148.634,1.000;;;;;;;;
Net3,14600,0.009122,0.004958,0.004164,0.009,150.552,1.000;;;;;;;;
Net3,14800,0.008937,0.004939,0.003998,0.011,152.533,1.000;;;;;;;;
Net3,15000,0.009712,0.005566,0.004146,0.009,154.470,1.000;;;;;;;;
Net3,15200,0.008254,0.004364,0.003890,0.009,156.419,1.000;;;;;;;;
Net3,15400,0.008485,0.004534,0.003951,0.017,158.887,1.000;;;;;;;;
Net3,15600,0.008480,0.004786,0.003695,0.010,160.850,1.000;;;;;;;;
Net3,15800,0.007816,0.004099,0.003717,0.009,162.800,1.000;;;;;;;;
Net3,16000,0.007994,0.004411,0.003583,0.009,164.738,1.000;;;;;;;;
Net3,16200,0.007424,0.003538,0.003885,0.010,166.712,1.000;;;;;;;;
Net3,16400,0.008448,0.004752,0.003696,0.009,168.656,1.000;;;;;;;;
Net3,16600,0.008330,0.004365,0.003965,0.010,171.102,1.000;;;;;;;;
Net3,16800,0.007325,0.003615,0.003710,0.010,173.042,1.000;;;;;;;;
Net3,17000,0.007367,0.003779,0.003589,0.010,175.003,1.000;;;;;;;;
Net3,17200,0.007018,0.003195,0.003822,0.009,176.947,1.000;;;;;;;;
Net3,17400,0.007479,0.003904,0.003575,0.009,178.926,1.000;;;;;;;;
Net3,17600,0.007083,0.003472,0.003612,0.010,180.907,1.000;;;;;;;;
Net3,17800,0.007535,0.003686,0.003849,0.010,183.423,1.000;;;;;;;;
Net3,18000,0.006443,0.002931,0.003512,0.010,185.433,1.000;;;;;;;;
Net3,18200,0.007505,0.003604,0.003901,0.010,187.408,1.000;;;;;;;;
Net3,18400,0.007005,0.003268,0.003737,0.010,189.448,1.000;;;;;;;;
Net3,18600,0.006588,0.003151,0.003436,0.010,191.432,1.000;;;;;;;;
Net3,18800,0.007319,0.003428,0.003891,0.012,193.553,1.000;;;;;;;;
Net3,19000,0.006922,0.003142,0.003780,0.009,195.880,1.000;;;;;;;;
Net3,19200,0.007418,0.003660,0.003758,0.009,197.827,1.000;;;;;;;;
Net3,19400,0.006762,0.002907,0.003854,0.010,199.778,1.000;;;;;;;;
Net3,19600,0.006515,0.003004,0.003511,0.009,201.708,1.000;;;;;;;;
Net3,19800,0.006432,0.002863,0.003569,0.009,203.672,1.000;;;;;;;;
Net3,20000,0.006674,0.003078,0.003596,0.012,205.795,1.000;;;;;;;;
Net4,1,0.014908,0.005505,0.009404,0.012,0.012,1.000;;;;;;;;
Net4,200,0.028550,0.010515,0.018035,0.009,2.291,1.000;;;;;;;;
Net4,400,0.094312,0.082250,0.012062,0.010,4.256,1.000;;;;;;;;
Net4,600,0.078106,0.067553,0.010553,0.010,6.234,1.000;;;;;;;;
Net4,800,0.042308,0.032219,0.010089,0.010,8.230,1.000;;;;;;;;
Net4,1000,0.131188,0.121640,0.009548,0.010,10.157,1.000;;;;;;;;
Net4,1200,0.111651,0.101089,0.010562,0.012,12.393,1.000;;;;;;;;
Net4,1400,0.028419,0.019569,0.008850,0.010,14.654,1.000;;;;;;;;
Net4,1600,0.032754,0.022801,0.009953,0.010,16.619,1.000;;;;;;;;
Net4,1800,0.228690,0.219608,0.009082,0.010,18.597,1.000;;;;;;;;
Net4,2000,0.395397,0.386768,0.008629,0.015,20.572,1.000;;;;;;;;
Net4,2200,0.045186,0.037073,0.008113,0.010,22.538,1.000;;;;;;;;
Net4,2400,0.076513,0.067912,0.008601,0.015,24.836,1.000;;;;;;;;
Net4,2600,0.542245,0.533472,0.008773,0.010,26.983,1.000;;;;;;;;
Net4,2800,0.046585,0.037801,0.008785,0.009,28.950,1.000;;;;;;;;
Net4,3000,0.088040,0.079868,0.008171,0.010,30.901,1.000;;;;;;;;
Net4,3200,0.128811,0.120936,0.007874,0.009,32.862,1.000;;;;;;;;
Net4,3400,0.052161,0.044826,0.007335,0.009,34.822,1.000;;;;;;;;
Net4,3600,0.053750,0.045923,0.007827,0.017,37.267,1.000;;;;;;;;
Net4,3800,0.051288,0.043808,0.007480,0.009,39.301,1.000;;;;;;;;
Net4,4000,0.040686,0.032748,0.007937,0.009,41.302,1.000;;;;;;;;
Net4,4200,0.383102,0.374639,0.008463,0.010,43.281,1.000;;;;;;;;
Net4,4400,0.016895,0.009941,0.006954,0.010,45.261,1.000;;;;;;;;
Net4,4600,0.042270,0.035540,0.006730,0.010,47.229,1.000;;;;;;;;
Net4,4800,0.213236,0.205657,0.007579,0.016,49.744,1.000;;;;;;;;
Net4,5000,0.052297,0.045450,0.006847,0.010,51.699,1.000;;;;;;;;
Net4,5200,0.082094,0.075331,0.006762,0.010,53.683,1.000;;;;;;;;
Net4,5400,0.029221,0.022714,0.006507,0.010,55.654,1.000;;;;;;;;
Net4,5600,0.018589,0.012283,0.006306,0.011,57.628,1.000;;;;;;;;
Net4,5800,0.042466,0.035959,0.006507,0.015,59.624,1.000;;;;;;;;
Net4,6000,0.050343,0.043903,0.006439,0.010,62.093,1.000;;;;;;;;
Net4,6200,0.136664,0.130579,0.006085,0.010,64.083,1.000;;;;;;;;
Net4,6400,0.021849,0.016307,0.005543,0.009,66.064,1.000;;;;;;;;
Net4,6600,0.051157,0.045620,0.005537,0.009,68.072,1.000;;;;;;;;
Net4,6800,0.039963,0.033864,0.006099,0.010,70.079,1.000;;;;;;;;
Net4,7000,0.019191,0.013446,0.005745,0.013,72.235,1.000;;;;;;;;
Net4,7200,0.103070,0.097248,0.005821,0.010,74.555,1.000;;;;;;;;
Net4,7400,0.027415,0.021713,0.005702,0.009,76.528,1.000;;;;;;;;
Net4,7600,0.028847,0.023335,0.005512,0.010,78.516,1.000;;;;;;;;
Net4,7800,0.031429,0.026403,0.005027,0.010,80.504,1.000;;;;;;;;
Net4,8000,0.014610,0.009378,0.005232,0.009,82.525,1.000;;;;;;;;
Net4,8200,0.026307,0.021538,0.004770,0.012,84.783,1.000;;;;;;;;
Net4,8400,0.017138,0.011620,0.005518,0.009,86.995,1.000;;;;;;;;
Net4,8600,0.017693,0.012162,0.005530,0.010,88.965,1.000;;;;;;;;
Net4,8800,0.013317,0.008310,0.005007,0.010,90.934,1.000;;;;;;;;
Net4,9000,0.019648,0.014930,0.004719,0.009,92.909,1.000;;;;;;;;
Net4,9200,0.107737,0.103243,0.004495,0.010,94.865,1.000;;;;;;;;
Net4,9400,0.015272,0.010210,0.005062,0.014,97.226,1.000;;;;;;;;
Net4,9600,0.015810,0.010752,0.005058,0.009,99.394,1.000;;;;;;;;
Net4,9800,0.026299,0.021581,0.004718,0.010,101.375,1.000;;;;;;;;
Net4,10000,0.033341,0.028778,0.004563,0.009,103.327,1.000;;;;;;;;
Net4,10200,0.019320,0.014535,0.004785,0.009,105.300,1.000;;;;;;;;
Net4,10400,0.018669,0.014461,0.004207,0.011,107.281,1.000;;;;;;;;
Net4,10600,0.015459,0.010685,0.004774,0.014,109.772,1.000;;;;;;;;
Net4,10800,0.013324,0.009041,0.004283,0.009,111.779,1.000;;;;;;;;
Net4,11000,0.014992,0.010190,0.004802,0.011,113.735,1.000;;;;;;;;
Net4,11200,0.014988,0.010084,0.004904,0.009,115.676,1.000;;;;;;;;
Net4,11400,0.010640,0.005829,0.004811,0.010,117.630,1.000;;;;;;;;
Net4,11600,0.011924,0.007702,0.004222,0.010,119.609,1.000;;;;;;;;
Net4,11800,0.013701,0.009292,0.004409,0.010,122.107,1.000;;;;;;;;
Net4,12000,0.014934,0.010648,0.004287,0.010,124.122,1.000;;;;;;;;
Net4,12200,0.009794,0.005601,0.004192,0.009,126.098,1.000;;;;;;;;
Net4,12400,0.011439,0.007448,0.003991,0.010,128.120,1.000;;;;;;;;
Net4,12600,0.010261,0.005838,0.004423,0.010,130.120,1.000;;;;;;;;
Net4,12800,0.009891,0.005351,0.004540,0.013,132.270,1.000;;;;;;;;
Net4,13000,0.014657,0.010284,0.004374,0.010,134.645,1.000;;;;;;;;
Net4,13200,0.009953,0.005393,0.004559,0.010,136.656,1.000;;;;;;;;
Net4,13400,0.009276,0.005301,0.003975,0.009,138.647,1.000;;;;;;;;
Net4,13600,0.010663,0.006489,0.004174,0.010,140.626,1.000;;;;;;;;
Net4,13800,0.010553,0.006529,0.004024,0.010,142.631,1.000;;;;;;;;
Net4,14000,0.011487,0.007667,0.003820,0.011,144.914,1.000;;;;;;;;
Net4,14200,0.010606,0.006314,0.004292,0.010,147.206,1.000;;;;;;;;
Net4,14400,0.009475,0.005377,0.004098,0.009,149.159,1.000;;;;;;;;
Net4,14600,0.009057,0.004818,0.004239,0.010,151.165,1.000;;;;;;;;
Net4,14800,0.009399,0.005191,0.004208,0.010,153.146,1.000;;;;;;;;
Net4,15000,0.009058,0.004820,0.004237,0.010,155.113,1.000;;;;;;;;
Net4,15200,0.008553,0.004593,0.003961,0.012,157.515,1.000;;;;;;;;
Net4,15400,0.008859,0.004750,0.004109,0.010,159.685,1.000;;;;;;;;
Net4,15600,0.008924,0.005113,0.003812,0.010,161.690,1.000;;;;;;;;
Net4,15800,0.008469,0.004556,0.003913,0.010,163.697,1.000;;;;;;;;
Net4,16000,0.008350,0.004480,0.003871,0.010,165.669,1.000;;;;;;;;
Net4,16200,0.008207,0.004161,0.004046,0.010,167.654,1.000;;;;;;;;
Net4,16400,0.007750,0.003827,0.003923,0.010,170.199,1.000;;;;;;;;
Net4,16600,0.008274,0.004067,0.004206,0.010,172.195,1.000;;;;;;;;
Net4,16800,0.007762,0.003960,0.003802,0.010,174.191,1.000;;;;;;;;
Net4,17000,0.008234,0.004481,0.003753,0.010,176.144,1.000;;;;;;;;
Net4,17200,0.007603,0.003568,0.004035,0.009,178.114,1.000;;;;;;;;
Net4,17400,0.007609,0.003836,0.003773,0.009,180.066,1.000;;;;;;;;
Net4,17600,0.007552,0.003617,0.003935,0.011,182.529,1.000;;;;;;;;
Net4,17800,0.008643,0.004553,0.004090,0.010,184.491,1.000;;;;;;;;
Net4,18000,0.006939,0.003358,0.003581,0.011,186.458,1.000;;;;;;;;
Net4,18200,0.007658,0.003617,0.004040,0.010,188.478,1.000;;;;;;;;
Net4,18400,0.007531,0.003630,0.003901,0.010,190.462,1.000;;;;;;;;
Net4,18600,0.007327,0.003678,0.003649,0.012,192.551,1.000;;;;;;;;
Net4,18800,0.007899,0.003741,0.004159,0.009,194.882,1.000;;;;;;;;
Net4,19000,0.007544,0.003615,0.003929,0.010,196.858,1.000;;;;;;;;
Net4,19200,0.008331,0.004457,0.003874,0.010,198.819,1.000;;;;;;;;
Net4,19400,0.007162,0.003070,0.004093,0.009,200.779,1.000;;;;;;;;
Net4,19600,0.006795,0.003126,0.003669,0.009,202.770,1.000;;;;;;;;
Net4,19800,0.007327,0.003477,0.003850,0.012,204.901,1.000;;;;;;;;
Net4,20000,0.007015,0.003377,0.003638,0.010,207.189,1.000;;;;;;;;
Net5,1,1588.706421,1579.305664,9.400765,0.012,0.012,1.000;;;;;;;;
Net5,200,1570.070190,1561.362183,8.707979,0.011,2.302,1.000;;;;;;;;
Net5,400,1517.311279,1508.934937,8.376370,0.011,4.640,1.000;;;;;;;;
Net5,600,1494.732178,1486.414185,8.317960,0.011,6.931,1.000;;;;;;;;
Net5,800,1521.559937,1513.445435,8.114452,0.013,9.329,1.000;;;;;;;;
Net5,1000,1549.219971,1541.148193,8.071774,0.011,12.070,1.000;;;;;;;;
Net5,1200,1515.923462,1508.051270,7.872157,0.011,14.366,1.000;;;;;;;;
Net5,1400,1613.743408,1605.825684,7.917757,0.011,16.650,1.000;;;;;;;;
Net5,1600,1464.238770,1456.333374,7.905369,0.014,18.927,1.000;;;;;;;;
Net5,1800,1479.119507,1471.099609,8.019924,0.015,21.367,1.000;;;;;;;;
Net5,2000,1452.975586,1445.000977,7.974558,0.012,24.093,1.000;;;;;;;;
Net5,2200,1542.601562,1534.655518,7.946048,0.011,26.412,1.000;;;;;;;;
Net5,2400,1518.867432,1511.058472,7.808919,0.011,28.712,1.000;;;;;;;;
Net5,2600,1420.312134,1412.563599,7.748547,0.011,30.998,1.000;;;;;;;;
Net5,2800,1559.587158,1551.761353,7.825757,0.014,33.403,1.000;;;;;;;;
Net5,3000,1515.159546,1507.318604,7.840979,0.011,36.144,1.000;;;;;;;;
Net5,3200,1570.785156,1563.122681,7.662426,0.011,38.413,1.000;;;;;;;;
Net5,3400,1582.400757,1574.736328,7.664485,0.020,40.709,1.000;;;;;;;;
Net5,3600,1521.972168,1514.046997,7.925133,0.011,43.019,1.000;;;;;;;;
Net5,3800,1458.082031,1450.146362,7.935714,0.017,45.410,1.000;;;;;;;;
Net5,4000,1516.728027,1508.926025,7.802032,0.011,48.154,1.000;;;;;;;;
Net5,4200,1498.772827,1491.121704,7.651165,0.011,50.469,1.000;;;;;;;;
Net5,4400,1511.693359,1503.952148,7.741255,0.011,52.768,1.000;;;;;;;;
Net5,4600,1457.231689,1449.651367,7.580308,0.011,55.111,1.000;;;;;;;;
Net5,4800,1468.067871,1460.278931,7.788896,0.016,57.536,1.000;;;;;;;;
Net5,5000,1493.394409,1485.691284,7.703163,0.011,60.234,1.000;;;;;;;;
Net5,5200,1580.027954,1572.274292,7.753709,0.013,62.513,1.000;;;;;;;;
Net5,5400,1445.299683,1437.455811,7.843871,0.011,64.810,1.000;;;;;;;;
Net5,5600,1413.058960,1405.406982,7.652010,0.011,67.085,1.000;;;;;;;;
Net5,5800,1408.169678,1400.658936,7.510706,0.013,69.507,1.000;;;;;;;;
Net5,6000,1499.948853,1492.308960,7.639876,0.012,72.273,1.000;;;;;;;;
Net5,6200,1491.872192,1484.173828,7.698312,0.014,74.581,1.000;;;;;;;;
Net5,6400,1504.673828,1496.768311,7.905539,0.012,76.932,1.000;;;;;;;;
Net5,6600,1474.231079,1466.317993,7.913030,0.011,79.274,1.000;;;;;;;;
Net5,6800,1560.790649,1553.093994,7.696644,0.014,81.776,1.000;;;;;;;;
Net5,7000,1479.104736,1471.458008,7.646739,0.011,84.475,1.000;;;;;;;;
Net5,7200,1441.192871,1433.536987,7.655898,0.011,86.823,1.000;;;;;;;;
Net5,7400,1532.767212,1525.161377,7.605809,0.011,89.109,1.000;;;;;;;;
Net5,7600,1450.938354,1443.351685,7.586673,0.011,91.433,1.000;;;;;;;;
Net5,7800,1472.482788,1464.933350,7.549498,0.014,93.932,1.000;;;;;;;;
Net5,8000,1628.114502,1620.443848,7.670625,0.011,96.595,1.000;;;;;;;;
Net5,8200,1566.747314,1558.986328,7.761003,0.017,98.914,1.000;;;;;;;;
Net5,8400,1508.392212,1500.770508,7.621667,0.012,101.254,1.000;;;;;;;;
Net5,8600,1417.975342,1410.266968,7.708428,0.011,103.634,1.000;;;;;;;;
Net5,8800,1435.262451,1427.530029,7.732431,0.014,106.162,1.000;;;;;;;;
Net5,9000,1539.724976,1531.996948,7.727994,0.011,108.749,1.000;;;;;;;;
Net5,9200,1485.198364,1477.323364,7.875018,0.011,111.060,1.000;;;;;;;;
Net5,9400,1526.083008,1518.432373,7.650600,0.011,113.399,1.000;;;;;;;;
Net5,9600,1420.986450,1413.418823,7.567634,0.012,115.747,1.000;;;;;;;;
Net5,9800,1485.791504,1478.152100,7.639459,0.013,118.299,1.000;;;;;;;;
Net5,10000,1581.652344,1574.063354,7.589022,0.011,120.882,1.000;;;;;;;;
Net5,10200,1452.491455,1444.882324,7.609098,0.012,123.186,1.000;;;;;;;;
Net5,10400,1556.704468,1549.113281,7.591193,0.013,125.519,1.000;;;;;;;;
Net5,10600,1524.567993,1517.190796,7.377240,0.011,127.817,1.000;;;;;;;;
Net5,10800,1466.384521,1458.791626,7.592854,0.014,130.417,1.000;;;;;;;;
Net5,11000,1514.990479,1507.262207,7.728235,0.011,132.984,1.000;;;;;;;;
Net5,11200,1501.284790,1493.577515,7.707295,0.018,135.312,1.000;;;;;;;;
Net5,11400,1440.727417,1433.061157,7.666227,0.011,137.622,1.000;;;;;;;;
Net5,11600,1485.163940,1477.590332,7.573628,0.011,139.908,1.000;;;;;;;;
Net5,11800,1526.674438,1519.039307,7.635189,0.014,142.471,1.000;;;;;;;;
Net5,12000,1562.575806,1554.906372,7.669404,0.011,145.050,1.000;;;;;;;;
Net5,12200,1484.122437,1476.446655,7.675747,0.011,147.330,1.000;;;;;;;;
Net5,12400,1454.723267,1446.898926,7.824332,0.011,149.625,1.000;;;;;;;;
Net5,12600,1531.564575,1523.816772,7.747794,0.019,151.922,1.000;;;;;;;;
Net5,12800,1431.700073,1424.243530,7.456523,0.013,154.469,1.000;;;;;;;;
Net5,13000,1437.104248,1429.417969,7.686330,0.011,157.027,1.000;;;;;;;;
Net5,13200,1515.120728,1507.598145,7.522638,0.011,159.319,1.000;;;;;;;;
Net5,13400,1586.142334,1578.390259,7.752026,0.011,161.627,1.000;;;;;;;;
Net5,13600,1528.360474,1520.950806,7.409692,0.011,163.906,1.000;;;;;;;;
Net5,13800,1452.565552,1444.867310,7.698206,0.014,166.436,1.000;;;;;;;;
Net5,14000,1461.550781,1453.870361,7.680383,0.011,169.034,1.000;;;;;;;;
Net5,14200,1481.071045,1473.428711,7.642375,0.011,171.324,1.000;;;;;;;;
Net5,14400,1509.708496,1502.300537,7.407925,0.011,173.636,1.000;;;;;;;;
Net5,14600,1510.371704,1502.646851,7.724802,0.012,175.977,1.000;;;;;;;;
Net5,14800,1513.202881,1505.653931,7.548988,0.015,178.515,1.000;;;;;;;;
Net5,15000,1456.675293,1449.045532,7.629800,0.011,181.042,1.000;;;;;;;;
Net5,15200,1543.977173,1536.250610,7.726583,0.011,183.349,1.000;;;;;;;;
Net5,15400,1491.615112,1484.049683,7.565411,0.011,185.627,1.000;;;;;;;;
Net5,15600,1493.905884,1486.349609,7.556333,0.012,187.917,1.000;;;;;;;;
Net5,15800,1470.115845,1462.581665,7.534238,0.013,190.470,1.000;;;;;;;;
Net5,16000,1541.820679,1533.990845,7.829806,0.011,193.061,1.000;;;;;;;;
Net5,16200,1426.661011,1419.109131,7.551911,0.011,195.353,1.000;;;;;;;;
Net5,16400,1449.285767,1441.796021,7.489749,0.011,197.666,1.000;;;;;;;;
Net5,16600,1487.133911,1479.649292,7.484653,0.011,199.978,1.000;;;;;;;;
Net5,16800,1446.966553,1439.460815,7.505793,0.014,202.568,1.000;;;;;;;;
Net5,17000,1581.067017,1573.311646,7.755428,0.011,205.147,1.000;;;;;;;;
Net5,17200,1569.995117,1562.416626,7.578498,0.011,207.440,1.000;;;;;;;;
Net5,17400,1423.740601,1416.005981,7.734653,0.011,209.745,1.000;;;;;;;;
Net5,17600,1479.380127,1471.687622,7.692564,0.012,212.027,1.000;;;;;;;;
Net5,17800,1423.198730,1415.501343,7.697423,0.014,214.595,1.000;;;;;;;;
Net5,18000,1520.005981,1512.316772,7.689244,0.011,217.168,1.000;;;;;;;;
Net5,18200,1431.329468,1423.670654,7.658803,0.011,219.446,1.000;;;;;;;;
Net5,18400,1516.384277,1508.752808,7.631500,0.011,221.785,1.000;;;;;;;;
Net5,18600,1487.374512,1479.688354,7.686214,0.011,224.080,1.000;;;;;;;;
Net5,18800,1430.944092,1423.341675,7.602413,0.014,226.640,1.000;;;;;;;;
Net5,19000,1512.568848,1504.838257,7.730561,0.012,229.193,1.000;;;;;;;;
Net5,19200,1575.192871,1567.616699,7.576229,0.011,231.476,1.000;;;;;;;;
Net5,19400,1513.338501,1505.736450,7.602057,0.011,233.794,1.000;;;;;;;;
Net5,19600,1445.919678,1438.359131,7.560571,0.011,236.092,1.000;;;;;;;;
Net5,19800,1479.176880,1471.624023,7.552814,0.013,238.653,1.000;;;;;;;;
Net5,20000,1582.695801,1575.135620,7.560139,0.011,241.219,1.000;;;;;;;;
Net6,1,2597.378662,2597.356201,0.022367,0.727,0.727,1.000;;;;;;;;
Net6,200,1116.307739,1107.009277,9.298406,0.008,2.395,1.000;;;;;;;;
Net6,400,37.445000,30.165184,7.279817,0.010,4.445,1.000;;;;;;;;
Net6,600,11.471493,5.699865,5.771628,0.008,6.182,1.000;;;;;;;;
Net6,800,7.873691,3.446778,4.426912,0.008,7.832,1.000;;;;;;;;
Net6,1000,5.652471,2.270735,3.381736,0.009,9.498,1.000;;;;;;;;
Net6,1200,3.932469,1.327544,2.604925,0.008,11.147,1.000;;;;;;;;
Net6,1400,3.220126,1.152698,2.067428,0.008,13.046,1.000;;;;;;;;
Net6,1600,2.622995,0.813479,1.809516,0.010,14.832,1.000;;;;;;;;
Net6,1800,2.237863,0.805743,1.432120,0.008,16.941,1.000;;;;;;;;
Net6,2000,2.093827,0.720308,1.373519,0.010,18.618,1.000;;;;;;;;
Net6,2200,1.646433,0.465444,1.180989,0.008,20.271,1.000;;;;;;;;
Net6,2400,1.509659,0.425493,1.084166,0.008,21.943,1.000;;;;;;;;
Net6,2600,1.435445,0.369470,1.065975,0.010,23.615,1.000;;;;;;;;
Net6,2800,1.392675,0.415960,0.976715,0.008,25.288,1.000;;;;;;;;
Net6,3000,1.135028,0.260254,0.874774,0.012,27.017,1.000;;;;;;;;
Net6,3200,1.049736,0.265268,0.784468,0.008,29.092,1.000;;;;;;;;
Net6,3400,0.912024,0.187215,0.724809,0.008,30.733,1.000;;;;;;;;
Net6,3600,0.874363,0.187514,0.686849,0.009,32.372,1.000;;;;;;;;
Net6,3800,0.742887,0.174326,0.568560,0.008,34.017,1.000;;;;;;;;
Net6,4000,0.696591,0.170334,0.526257,0.008,35.673,1.000;;;;;;;;
Net6,4200,0.584581,0.145050,0.439532,0.008,37.315,1.000;;;;;;;;
Net6,4400,0.567127,0.150972,0.416154,0.010,39.059,1.000;;;;;;;;
Net6,4600,0.501213,0.131855,0.369359,0.008,41.104,1.000;;;;;;;;
Net6,4800,0.437199,0.118133,0.319066,0.008,42.757,1.000;;;;;;;;
Net6,5000,0.447060,0.129249,0.317812,0.008,44.384,1.000;;;;;;;;
Net6,5200,0.398092,0.124636,0.273457,0.011,46.072,1.000;;;;;;;;
Net6,5400,0.374487,0.121555,0.252932,0.008,47.757,1.000;;;;;;;;
Net6,5600,0.351240,0.113209,0.238031,0.008,49.417,1.000;;;;;;;;
Net6,5800,0.329681,0.114609,0.215072,0.014,51.218,1.000;;;;;;;;
Net6,6000,0.295959,0.103378,0.192581,0.008,53.224,1.000;;;;;;;;
Net6,6200,0.270342,0.088934,0.181408,0.008,54.883,1.000;;;;;;;;
Net6,6400,0.272480,0.108042,0.164438,0.008,56.529,1.000;;;;;;;;
Net6,6600,0.249323,0.089153,0.160170,0.008,58.202,1.000;;;;;;;;
Net6,6800,0.255910,0.095347,0.160564,0.008,60.041,1.000;;;;;;;;
Net6,7000,0.225543,0.086420,0.139122,0.013,62.090,1.000;;;;;;;;
Net6,7200,0.255008,0.111396,0.143612,0.009,63.985,1.000;;;;;;;;
Net6,7400,0.225556,0.084539,0.141016,0.008,65.852,1.000;;;;;;;;
Net6,7600,0.198019,0.073957,0.124062,0.008,67.490,1.000;;;;;;;;
Net6,7800,0.179913,0.070623,0.109290,0.008,69.134,1.000;;;;;;;;
Net6,8000,0.192065,0.083805,0.108260,0.008,70.781,1.000;;;;;;;;
Net6,8200,0.164337,0.063204,0.101133,0.008,72.438,1.000;;;;;;;;
Net6,8400,0.187414,0.078295,0.109119,0.008,74.092,1.000;;;;;;;;
Net6,8600,0.159617,0.062188,0.097429,0.010,76.000,1.000;;;;;;;;
Net6,8800,0.195709,0.102186,0.093523,0.008,77.898,1.000;;;;;;;;
Net6,9000,0.143046,0.052474,0.090572,0.008,79.531,1.000;;;;;;;;
Net6,9200,0.150437,0.065174,0.085263,0.008,81.182,1.000;;;;;;;;
Net6,9400,0.132380,0.052173,0.080207,0.008,82.850,1.000;;;;;;;;
Net6,9600,0.131066,0.054934,0.076132,0.008,84.499,1.000;;;;;;;;
Net6,9800,0.133671,0.063152,0.070519,0.008,86.157,1.000;;;;;;;;
Net6,10000,0.134521,0.056141,0.078380,0.014,88.068,1.000;;;;;;;;
Net6,10200,0.120098,0.049752,0.070345,0.008,89.980,1.000;;;;;;;;
Net6,10400,0.109964,0.045512,0.064452,0.008,91.628,1.000;;;;;;;;
Net6,10600,0.114692,0.044815,0.069877,0.008,93.279,1.000;;;;;;;;
Net6,10800,0.112725,0.049359,0.063367,0.008,94.947,1.000;;;;;;;;
Net6,11000,0.115085,0.049219,0.065866,0.008,96.590,1.000;;;;;;;;
Net6,11200,0.110955,0.041505,0.069450,0.008,98.224,1.000;;;;;;;;
Net6,11400,0.100349,0.039245,0.061104,0.009,100.126,1.000;;;;;;;;
Net6,11600,0.104220,0.044049,0.060171,0.008,102.013,1.000;;;;;;;;
Net6,11800,0.096562,0.037053,0.059509,0.008,103.681,1.000;;;;;;;;
Net6,12000,0.103412,0.046059,0.057353,0.008,105.355,1.000;;;;;;;;
Net6,12200,0.089322,0.034415,0.054907,0.008,107.039,1.000;;;;;;;;
Net6,12400,0.090351,0.035846,0.054505,0.008,108.692,1.000;;;;;;;;
Net6,12600,0.090751,0.035806,0.054945,0.008,110.376,1.000;;;;;;;;
Net6,12800,0.088882,0.038078,0.050804,0.011,112.325,1.000;;;;;;;;
Net6,13000,0.095014,0.042334,0.052680,0.008,114.169,1.000;;;;;;;;
Net6,13200,0.088319,0.035842,0.052477,0.008,115.804,1.000;;;;;;;;
Net6,13400,0.092624,0.038445,0.054180,0.008,117.506,1.000;;;;;;;;
Net6,13600,0.089919,0.038693,0.051226,0.008,119.217,1.000;;;;;;;;
Net6,13800,0.084117,0.033284,0.050833,0.008,120.928,1.000;;;;;;;;
Net6,14000,0.088264,0.038794,0.049471,0.010,122.614,1.000;;;;;;;;
Net6,14200,0.086693,0.035974,0.050719,0.012,124.666,1.000;;;;;;;;
Net6,14400,0.076089,0.030581,0.045508,0.008,126.461,1.000;;;;;;;;
Net6,14600,0.081953,0.032233,0.049721,0.008,128.155,1.000;;;;;;;;
Net6,14800,0.083949,0.034772,0.049177,0.008,129.841,1.000;;;;;;;;
Net6,15000,0.079260,0.029964,0.049295,0.008,131.505,1.000;;;;;;;;
Net6,15200,0.073498,0.030653,0.042845,0.008,133.171,1.000;;;;;;;;
Net6,15400,0.075356,0.028971,0.046385,0.013,134.825,1.000;;;;;;;;
Net6,15600,0.076441,0.031254,0.045187,0.014,136.959,1.000;;;;;;;;
Net6,15800,0.079753,0.032867,0.046886,0.008,138.678,1.000;;;;;;;;
Net6,16000,0.081610,0.036390,0.045220,0.008,140.362,1.000;;;;;;;;
Net6,16200,0.076616,0.034179,0.042438,0.008,142.005,1.000;;;;;;;;
Net6,16400,0.071129,0.026791,0.044338,0.008,143.651,1.000;;;;;;;;
Net6,16600,0.075703,0.028838,0.046864,0.008,145.323,1.000;;;;;;;;
Net6,16800,0.071032,0.027957,0.043075,0.014,146.976,1.000;;;;;;;;
Net6,17000,0.079197,0.032350,0.046847,0.014,149.101,1.000;;;;;;;;
Net6,17200,0.073153,0.027027,0.046126,0.008,150.768,1.000;;;;;;;;
Net6,17400,0.073759,0.026789,0.046970,0.009,152.412,1.000;;;;;;;;
Net6,17600,0.070998,0.026984,0.044014,0.008,154.133,1.000;;;;;;;;
Net6,17800,0.074335,0.029961,0.044374,0.009,155.797,1.000;;;;;;;;
Net6,18000,0.074077,0.028964,0.045112,0.008,157.425,1.000;;;;;;;;
Net6,18200,0.070067,0.025363,0.044704,0.008,159.082,1.000;;;;;;;;
Net6,18400,0.069515,0.026112,0.043402,0.008,161.195,1.000;;;;;;;;
Net6,18600,0.074193,0.031916,0.042276,0.008,162.838,1.000;;;;;;;;
Net6,18800,0.078184,0.033023,0.045162,0.008,164.485,1.000;;;;;;;;
Net6,19000,0.069589,0.026753,0.042837,0.008,166.155,1.000;;;;;;;;
Net6,19200,0.069357,0.028469,0.040888,0.008,167.811,1.000;;;;;;;;
Net6,19400,0.070170,0.026176,0.043994,0.008,169.480,1.000;;;;;;;;
Net6,19600,0.068733,0.026852,0.041881,0.009,171.122,1.000;;;;;;;;
Net6,19800,0.074256,0.028253,0.046003,0.008,173.256,1.000;;;;;;;;
Net6,20000,0.068705,0.024582,0.044123,0.008,174.897,1.000;;;;;;;;
Net7,1,2597.250244,2597.244629,0.005622,0.011,0.011,1.000;;;;;;;;
Net7,200,1231.098755,1225.832642,5.266094,0.010,1.928,1.000;;;;;;;;
Net7,400,57.837124,44.891972,12.945153,0.010,3.860,1.000;;;;;;;;
Net7,600,12.474275,4.571597,7.902678,0.009,5.785,1.000;;;;;;;;
Net7,800,8.090094,2.335493,5.754601,0.009,7.686,1.000;;;;;;;;
Net7,1000,5.791588,1.435642,4.355946,0.016,10.064,1.000;;;;;;;;
Net7,1200,4.112504,0.967639,3.144864,0.009,12.098,1.000;;;;;;;;
Net7,1400,3.353267,0.913407,2.439860,0.009,14.015,1.000;;;;;;;;
Net7,1600,2.771461,0.741949,2.029512,0.009,15.947,1.000;;;;;;;;
Net7,1800,2.321455,0.577371,1.744084,0.009,17.873,1.000;;;;;;;;
Net7,2000,2.147561,0.492678,1.654883,0.010,19.791,1.000;;;;;;;;
Net7,2200,1.990923,0.491491,1.499431,0.015,22.206,1.000;;;;;;;;
Net7,2400,1.907648,0.400728,1.506920,0.010,24.173,1.000;;;;;;;;
Net7,2600,1.814901,0.348343,1.466559,0.010,26.112,1.000;;;;;;;;
Net7,2800,1.777588,0.347485,1.430104,0.010,28.137,1.000;;;;;;;;
Net7,3000,1.696689,0.343099,1.353591,0.009,30.110,1.000;;;;;;;;
Net7,3200,1.702380,0.391259,1.311121,0.010,32.060,1.000;;;;;;;;
Net7,3400,1.612597,0.279383,1.333214,0.010,34.564,1.000;;;;;;;;
Net7,3600,1.615427,0.231768,1.383659,0.009,36.541,1.000;;;;;;;;
Net7,3800,1.463756,0.238569,1.225187,0.010,38.615,1.000;;;;;;;;
Net7,4000,1.436246,0.199576,1.236670,0.010,40.742,1.000;;;;;;;;
Net7,4200,1.356189,0.266932,1.089257,0.010,42.803,1.000;;;;;;;;
Net7,4400,1.335134,0.199667,1.135466,0.012,44.976,1.000;;;;;;;;
Net7,4600,1.254492,0.163745,1.090746,0.009,47.374,1.000;;;;;;;;
Net7,4800,1.170324,0.159392,1.010932,0.010,49.351,1.000;;;;;;;;
Net7,5000,1.221812,0.172469,1.049342,0.009,51.332,1.000;;;;;;;;
Net7,5200,1.095435,0.142067,0.953368,0.010,53.311,1.000;;;;;;;;
Net7,5400,1.148864,0.222860,0.926005,0.009,55.258,1.000;;;;;;;;
Net7,5600,1.229026,0.313149,0.915877,0.011,57.428,1.000;;;;;;;;
Net7,5800,0.970639,0.129005,0.841633,0.010,59.671,1.000;;;;;;;;
Net7,6000,0.964679,0.194433,0.770246,0.011,61.620,1.000;;;;;;;;
Net7,6200,0.897306,0.154166,0.743140,0.010,63.577,1.000;;;;;;;;
Net7,6400,0.830327,0.144498,0.685829,0.010,65.526,1.000;;;;;;;;
Net7,6600,0.833035,0.179362,0.653674,0.009,67.500,1.000;;;;;;;;
Net7,6800,0.783046,0.130790,0.652255,0.012,69.790,1.000;;;;;;;;
Net7,7000,0.728313,0.149556,0.578757,0.009,72.002,1.000;;;;;;;;
Net7,7200,0.713234,0.135757,0.577477,0.010,73.962,1.000;;;;;;;;
Net7,7400,0.717178,0.155095,0.562082,0.009,75.930,1.000;;;;;;;;
Net7,7600,0.634295,0.138006,0.496289,0.010,77.971,1.000;;;;;;;;
Net7,7800,0.549329,0.110612,0.438717,0.010,79.977,1.000;;;;;;;;
Net7,8000,0.536032,0.106206,0.429825,0.016,82.363,1.000;;;;;;;;
Net7,8200,0.521072,0.134174,0.386899,0.009,84.448,1.000;;;;;;;;
Net7,8400,0.533776,0.113903,0.419873,0.010,86.395,1.000;;;;;;;;
Net7,8600,0.470496,0.114014,0.356482,0.010,88.390,1.000;;;;;;;;
Net7,8800,0.471555,0.128697,0.342858,0.009,90.356,1.000;;;;;;;;
Net7,9000,0.427287,0.098124,0.329163,0.010,92.330,1.000;;;;;;;;
Net7,9200,0.399398,0.093500,0.305898,0.010,94.825,1.000;;;;;;;;
Net7,9400,0.377423,0.096547,0.280875,0.010,96.800,1.000;;;;;;;;
Net7,9600,0.363927,0.093151,0.270776,0.010,98.786,1.000;;;;;;;;
Net7,9800,0.330828,0.084850,0.245977,0.009,100.736,1.000;;;;;;;;
Net7,10000,0.348854,0.085763,0.263091,0.009,102.684,1.000;;;;;;;;
Net7,10200,0.321595,0.084490,0.237105,0.009,104.654,1.000;;;;;;;;
Net7,10400,0.292362,0.072831,0.219530,0.012,107.141,1.000;;;;;;;;
Net7,10600,0.315258,0.082987,0.232271,0.009,109.123,1.000;;;;;;;;
Net7,10800,0.282226,0.073026,0.209200,0.009,111.056,1.000;;;;;;;;
Net7,11000,0.295739,0.083629,0.212110,0.010,113.037,1.000;;;;;;;;
Net7,11200,0.269723,0.057446,0.212277,0.009,114.998,1.000;;;;;;;;
Net7,11400,0.251417,0.065988,0.185429,0.012,117.024,1.000;;;;;;;;
Net7,11600,0.259985,0.075002,0.184983,0.009,119.455,1.000;;;;;;;;
Net7,11800,0.243604,0.060886,0.182718,0.009,121.401,1.000;;;;;;;;
Net7,12000,0.243067,0.071065,0.172003,0.009,123.368,1.000;;;;;;;;
Net7,12200,0.234014,0.066110,0.167904,0.009,125.334,1.000;;;;;;;;
Net7,12400,0.218746,0.065026,0.153720,0.011,127.308,1.000;;;;;;;;
Net7,12600,0.219956,0.060323,0.159633,0.012,129.443,1.000;;;;;;;;
Net7,12800,0.206674,0.060830,0.145844,0.010,131.811,1.000;;;;;;;;
Net7,13000,0.207002,0.058796,0.148206,0.009,133.822,1.000;;;;;;;;
Net7,13200,0.204350,0.052436,0.151914,0.010,135.802,1.000;;;;;;;;
Net7,13400,0.201008,0.047799,0.153210,0.010,137.792,1.000;;;;;;;;
Net7,13600,0.204357,0.058252,0.146105,0.012,139.793,1.000;;;;;;;;
Net7,13800,0.188952,0.048454,0.140498,0.012,142.008,1.000;;;;;;;;
Net7,14000,0.180572,0.044837,0.135735,0.010,144.320,1.000;;;;;;;;
Net7,14200,0.184702,0.049830,0.134872,0.009,146.300,1.000;;;;;;;;
Net7,14400,0.170317,0.047759,0.122558,0.010,148.264,1.000;;;;;;;;
Net7,14600,0.171459,0.046474,0.124985,0.010,150.254,1.000;;;;;;;;
Net7,14800,0.169650,0.045530,0.124120,0.009,152.226,1.000;;;;;;;;
Net7,15000,0.179965,0.054029,0.125935,0.018,154.509,1.000;;;;;;;;
Net7,15200,0.168773,0.054751,0.114022,0.009,156.659,1.000;;;;;;;;
Net7,15400,0.164453,0.043625,0.120828,0.010,158.655,1.000;;;;;;;;
Net7,15600,0.162922,0.047189,0.115734,0.010,160.694,1.000;;;;;;;;
Net7,15800,0.160643,0.044962,0.115681,0.010,162.678,1.000;;;;;;;;
Net7,16000,0.156848,0.044773,0.112075,0.010,164.673,1.000;;;;;;;;
Net7,16200,0.150078,0.045397,0.104682,0.016,167.158,1.000;;;;;;;;
Net7,16400,0.158888,0.045611,0.113277,0.009,169.137,1.000;;;;;;;;
Net7,16600,0.158042,0.043359,0.114683,0.010,171.162,1.000;;;;;;;;
Net7,16800,0.140315,0.036451,0.103864,0.010,173.166,1.000;;;;;;;;
Net7,17000,0.157367,0.044643,0.112724,0.010,175.148,1.000;;;;;;;;
Net7,17200,0.152688,0.040364,0.112323,0.010,177.121,1.000;;;;;;;;
Net7,17400,0.156177,0.044168,0.112009,0.009,179.570,1.000;;;;;;;;
Net7,17600,0.150263,0.042163,0.108101,0.009,181.523,1.000;;;;;;;;
Net7,17800,0.152769,0.045369,0.107400,0.010,183.450,1.000;;;;;;;;
Net7,18000,0.148373,0.041413,0.106960,0.009,185.392,1.000;;;;;;;;
Net7,18200,0.145302,0.038567,0.106735,0.009,187.337,1.000;;;;;;;;
Net7,18400,0.146631,0.042247,0.104385,0.014,189.292,1.000;;;;;;;;
Net7,18600,0.142577,0.041283,0.101293,0.009,191.754,1.000;;;;;;;;
Net7,18800,0.149805,0.041363,0.108442,0.011,193.703,1.000;;;;;;;;
Net7,19000,0.142908,0.039241,0.103667,0.009,195.644,1.000;;;;;;;;
Net7,19200,0.138677,0.039788,0.098889,0.009,197.566,1.000;;;;;;;;
Net7,19400,0.143279,0.038139,0.105140,0.009,199.567,1.000;;;;;;;;
Net7,19600,0.134501,0.035743,0.098757,0.012,201.632,1.000;;;;;;;;
Net7,19800,0.151061,0.040407,0.110654,0.009,204.053,1.000;;;;;;;;
Net7,20000,0.139764,0.038034,0.101730,0.010,205.999,1.000;;;;;;;;
Net8,1,2597.077393,2597.072754,0.004536,0.015,0.015,1.000;;;;;;;;
Net8,200,59.588989,46.313671,13.275316,0.010,1.975,1.000;;;;;;;;
Net8,400,6.912121,1.910604,5.001517,0.010,3.966,1.000;;;;;;;;
Net8,600,4.476176,1.525388,2.950788,0.010,5.956,1.000;;;;;;;;
Net8,800,2.731918,0.637531,2.094387,0.012,8.118,1.000;;;;;;;;
Net8,1000,2.973792,1.224456,1.749335,0.014,10.445,1.000;;;;;;;;
Net8,1200,2.001696,0.436733,1.564963,0.010,12.412,1.000;;;;;;;;
Net8,1400,1.734279,0.296730,1.437549,0.009,14.410,1.000;;;;;;;;
Net8,1600,1.982543,0.580836,1.401707,0.009,16.381,1.000;;;;;;;;
Net8,1800,1.685660,0.373210,1.312450,0.010,18.350,1.000;;;;;;;;
Net8,2000,1.871248,0.554700,1.316548,0.011,20.593,1.000;;;;;;;;
Net8,2200,1.659099,0.450626,1.208473,0.009,22.798,1.000;;;;;;;;
Net8,2400,2.585958,1.380023,1.205935,0.009,24.774,1.000;;;;;;;;
Net8,2600,1.291619,0.147929,1.143689,0.009,26.766,1.000;;;;;;;;
Net8,2800,1.378894,0.275842,1.103052,0.009,28.760,1.000;;;;;;;;
Net8,3000,1.352419,0.340284,1.012135,0.009,30.746,1.000;;;;;;;;
Net8,3200,1.273992,0.323648,0.950344,0.015,33.143,1.000;;;;;;;;
Net8,3400,1.117187,0.175131,0.942057,0.010,35.234,1.000;;;;;;;;
Net8,3600,1.367758,0.411866,0.955892,0.010,37.215,1.000;;;;;;;;
Net8,3800,1.169318,0.367980,0.801338,0.010,39.205,1.000;;;;;;;;
Net8,4000,0.897373,0.122803,0.774570,0.010,42.116,1.000;;;;;;;;
Net8,4200,0.920912,0.269064,0.651848,0.012,44.372,1.000;;;;;;;;
Net8,4400,0.855880,0.210805,0.645075,0.010,47.316,1.000;;;;;;;;
Net8,4600,0.722493,0.145011,0.577482,0.010,49.810,1.000;;;;;;;;
Net8,4800,0.773791,0.275722,0.498069,0.010,51.837,1.000;;;;;;;;
Net8,5000,0.611435,0.128769,0.482666,0.010,53.878,1.000;;;;;;;;
Net8,5200,0.581676,0.184481,0.397195,0.010,55.879,1.000;;;;;;;;
Net8,5400,0.511646,0.161594,0.350053,0.010,58.849,1.000;;;;;;;;
Net8,5600,0.460346,0.154102,0.306244,0.011,61.131,1.000;;;;;;;;
Net8,5800,0.747532,0.497287,0.250244,0.010,63.183,1.000;;;;;;;;
Net8,6000,0.355248,0.149619,0.205629,0.010,65.189,1.000;;;;;;;;
Net8,6200,0.277400,0.100536,0.176865,0.010,67.204,1.000;;;;;;;;
Net8,6400,0.222461,0.071408,0.151053,0.011,69.457,1.000;;;;;;;;
Net8,6600,0.496466,0.373917,0.122549,0.010,71.660,1.000;;;;;;;;
Net8,6800,0.221651,0.103720,0.117931,0.010,73.667,1.000;;;;;;;;
Net8,7000,0.199260,0.102422,0.096839,0.009,75.652,1.000;;;;;;;;
Net8,7200,0.201254,0.110839,0.090415,0.010,77.633,1.000;;;;;;;;
Net8,7400,0.188507,0.104611,0.083896,0.010,79.617,1.000;;;;;;;;
Net8,7600,0.197864,0.126847,0.071016,0.013,82.017,1.000;;;;;;;;
Net8,7800,0.138052,0.079920,0.058133,0.010,84.115,1.000;;;;;;;;
Net8,8000,0.133526,0.078164,0.055362,0.010,86.101,1.000;;;;;;;;
Net8,8200,0.147591,0.098223,0.049369,0.012,88.123,1.000;;;;;;;;
Net8,8400,0.130472,0.076463,0.054009,0.009,90.086,1.000;;;;;;;;
Net8,8600,0.141721,0.093460,0.048261,0.010,92.079,1.000;;;;;;;;
Net8,8800,0.101104,0.057802,0.043302,0.010,94.586,1.000;;;;;;;;
Net8,9000,0.077389,0.036716,0.040673,0.010,96.575,1.000;;;;;;;;
Net8,9200,0.174728,0.137647,0.037080,0.010,98.541,1.000;;;;;;;;
Net8,9400,0.076903,0.040620,0.036283,0.010,100.515,1.000;;;;;;;;
Net8,9600,0.072202,0.037101,0.035100,0.010,102.482,1.000;;;;;;;;
Net8,9800,0.095312,0.065186,0.030126,0.016,104.504,1.000;;;;;;;;
Net8,10000,0.124546,0.092072,0.032474,0.010,106.944,1.000;;;;;;;;
Net8,10200,0.079435,0.049609,0.029826,0.009,108.934,1.000;;;;;;;;
Net8,10400,0.062849,0.036018,0.026831,0.010,110.911,1.000;;;;;;;;
Net8,10600,0.074527,0.045405,0.029121,0.009,112.901,1.000;;;;;;;;
Net8,10800,0.055547,0.030198,0.025348,0.010,114.883,1.000;;;;;;;;
Net8,11000,0.079881,0.052515,0.027366,0.012,117.020,1.000;;;;;;;;
Net8,11200,0.064535,0.037402,0.027133,0.010,119.407,1.000;;;;;;;;
Net8,11400,0.053705,0.028931,0.024774,0.010,121.400,1.000;;;;;;;;
Net8,11600,0.061535,0.038181,0.023354,0.010,123.393,1.000;;;;;;;;
Net8,11800,0.047702,0.025615,0.022088,0.009,125.379,1.000;;;;;;;;
Net8,12000,0.058767,0.037095,0.021672,0.010,127.360,1.000;;;;;;;;
Net8,12200,0.062073,0.041194,0.020879,0.011,129.563,1.000;;;;;;;;
Net8,12400,0.052612,0.032711,0.019901,0.009,131.812,1.000;;;;;;;;
Net8,12600,0.045948,0.024849,0.021100,0.009,133.798,1.000;;;;;;;;
Net8,12800,0.043955,0.023888,0.020068,0.010,135.787,1.000;;;;;;;;
Net8,13000,0.051711,0.032368,0.019343,0.009,137.752,1.000;;;;;;;;
Net8,13200,0.041122,0.021287,0.019835,0.011,139.746,1.000;;;;;;;;
Net8,13400,0.038441,0.020975,0.017466,0.015,142.078,1.000;;;;;;;;
Net8,13600,0.040367,0.022756,0.017612,0.009,144.222,1.000;;;;;;;;
Net8,13800,0.035939,0.018644,0.017295,0.009,146.191,1.000;;;;;;;;
Net8,14000,0.033877,0.017675,0.016201,0.010,148.170,1.000;;;;;;;;
Net8,14200,0.034681,0.017606,0.017075,0.010,150.172,1.000;;;;;;;;
Net8,14400,0.033280,0.017627,0.015654,0.010,152.194,1.000;;;;;;;;
Net8,14600,0.032129,0.015810,0.016319,0.010,154.683,1.000;;;;;;;;
Net8,14800,0.030539,0.015053,0.015486,0.009,156.681,1.000;;;;;;;;
Net8,15000,0.032656,0.016637,0.016019,0.010,158.654,1.000;;;;;;;;
Net8,15200,0.029252,0.014898,0.014354,0.009,160.627,1.000;;;;;;;;
Net8,15400,0.031671,0.017167,0.014504,0.010,162.613,1.000;;;;;;;;
Net8,15600,0.028425,0.014677,0.013748,0.009,164.616,1.000;;;;;;;;
Net8,15800,0.028053,0.013940,0.014113,0.010,167.107,1.000;;;;;;;;
Net8,16000,0.027853,0.014389,0.013464,0.010,169.088,1.000;;;;;;;;
Net8,16200,0.028171,0.014531,0.013640,0.010,171.078,1.000;;;;;;;;
Net8,16400,0.025150,0.011936,0.013214,0.010,173.077,1.000;;;;;;;;
Net8,16600,0.028028,0.014035,0.013992,0.010,175.068,1.000;;;;;;;;
Net8,16800,0.025341,0.012606,0.012735,0.013,177.196,1.000;;;;;;;;
Net8,17000,0.026815,0.013768,0.013046,0.010,179.561,1.000;;;;;;;;
Net8,17200,0.026182,0.012925,0.013258,0.010,181.546,1.000;;;;;;;;
Net8,17400,0.024836,0.011968,0.012868,0.010,183.525,1.000;;;;;;;;
Net8,17600,0.024503,0.011737,0.012766,0.010,185.528,1.000;;;;;;;;
Net8,17800,0.025085,0.011970,0.013115,0.010,187.533,1.000;;;;;;;;
Net8,18000,0.024009,0.011805,0.012204,0.011,189.725,1.000;;;;;;;;
Net8,18200,0.024913,0.011765,0.013148,0.010,191.971,1.000;;;;;;;;
Net8,18400,0.023302,0.010725,0.012576,0.011,193.956,1.000;;;;;;;;
Net8,18600,0.023025,0.011303,0.011722,0.010,195.974,1.000;;;;;;;;
Net8,18800,0.024238,0.011022,0.013216,0.011,197.971,1.000;;;;;;;;
Net8,19000,0.023801,0.011405,0.012396,0.010,199.966,1.000;;;;;;;;
Net8,19200,0.023958,0.011657,0.012301,0.012,202.303,1.000;;;;;;;;
Net8,19400,0.023090,0.010234,0.012856,0.009,204.437,1.000;;;;;;;;
Net8,19600,0.021186,0.009585,0.011602,0.010,206.436,1.000;;;;;;;;
Net8,19800,0.022359,0.010167,0.012192,0.010,208.483,1.000;;;;;;;;
Net8,20000,0.021701,0.009792,0.011908,0.009,210.455,1.000;;;;;;;;
Net9,1,2597.211426,2597.210205,0.001221,0.010,0.010,1.000;;;;;;;;
Net9,200,202.877533,199.605942,3.271597,0.009,1.694,1.000;;;;;;;;
Net9,400,15.578863,8.812131,6.766732,0.008,3.389,1.000;;;;;;;;
Net9,600,9.159522,3.516398,5.643124,0.010,5.044,1.000;;;;;;;;
Net9,800,7.240457,2.447645,4.792811,0.014,6.769,1.000;;;;;;;;
Net9,1000,5.958549,1.971713,3.986837,0.008,8.489,1.000;;;;;;;;
Net9,1200,4.125930,1.030771,3.095159,0.012,10.403,1.000;;;;;;;;
Net9,1400,3.428181,0.922836,2.505345,0.008,12.421,1.000;;;;;;;;
Net9,1600,3.159691,0.856264,2.303426,0.008,14.149,1.000;;;;;;;;
Net9,1800,2.691126,0.603354,2.087772,0.008,15.845,1.000;;;;;;;;
Net9,2000,2.624316,0.558215,2.066101,0.008,17.528,1.000;;;;;;;;
Net9,2200,2.332258,0.471806,1.860453,0.008,19.208,1.000;;;;;;;;
Net9,2400,2.307379,0.448127,1.859252,0.008,20.897,1.000;;;;;;;;
Net9,2600,2.100215,0.339894,1.760322,0.012,23.000,1.000;;;;;;;;
Net9,2800,2.025238,0.355621,1.669617,0.008,24.884,1.000;;;;;;;;
Net9,3000,1.827801,0.281842,1.545959,0.008,26.580,1.000;;;;;;;;
Net9,3200,1.679941,0.234059,1.445881,0.008,28.311,1.000;;;;;;;;
Net9,3400,1.618828,0.208700,1.410128,0.010,30.003,1.000;;;;;;;;
Net9,3600,1.618219,0.211948,1.406271,0.008,31.724,1.000;;;;;;;;
Net9,3800,1.407009,0.191483,1.215527,0.008,33.402,1.000;;;;;;;;
Net9,4000,1.353815,0.184318,1.169497,0.012,35.500,1.000;;;;;;;;
Net9,4200,1.239631,0.236341,1.003290,0.008,37.271,1.000;;;;;;;;
Net9,4400,1.178099,0.178957,0.999142,0.008,38.972,1.000;;;;;;;;
Net9,4600,1.090658,0.165138,0.925520,0.008,40.690,1.000;;;;;;;;
Net9,4800,0.999400,0.173582,0.825819,0.008,42.380,1.000;;;;;;;;
Net9,5000,0.990396,0.152722,0.837674,0.008,44.109,1.000;;;;;;;;
Net9,5200,0.883590,0.152076,0.731514,0.011,45.898,1.000;;;;;;;;
Net9,5400,0.852886,0.165926,0.686960,0.008,48.076,1.000;;;;;;;;
Net9,5600,0.787227,0.139428,0.647800,0.008,49.833,1.000;;;;;;;;
Net9,5800,0.753380,0.176679,0.576702,0.008,51.936,1.000;;;;;;;;
Net9,6000,0.676042,0.164246,0.511796,0.009,53.827,1.000;;;;;;;;
Net9,6200,0.611976,0.134188,0.477788,0.008,55.523,1.000;;;;;;;;
Net9,6400,0.551996,0.131085,0.420911,0.009,57.219,1.000;;;;;;;;
Net9,6600,0.533936,0.143616,0.390320,0.009,59.154,1.000;;;;;;;;
Net9,6800,0.513282,0.136589,0.376693,0.008,61.076,1.000;;;;;;;;
Net9,7000,0.430976,0.114791,0.316185,0.008,62.752,1.000;;;;;;;;
Net9,7200,0.412817,0.107974,0.304843,0.008,64.434,1.000;;;;;;;;
Net9,7400,0.402490,0.119877,0.282613,0.008,66.102,1.000;;;;;;;;
Net9,7600,0.345405,0.096392,0.249013,0.008,67.804,1.000;;;;;;;;
Net9,7800,0.304260,0.088938,0.215322,0.008,69.486,1.000;;;;;;;;
Net9,8000,0.306720,0.110003,0.196717,0.011,71.551,1.000;;;;;;;;
Net9,8200,0.257569,0.080385,0.177184,0.008,73.381,1.000;;;;;;;;
Net9,8400,0.287388,0.106920,0.180468,0.008,75.057,1.000;;;;;;;;
Net9,8600,0.234759,0.081588,0.153171,0.008,76.726,1.000;;;;;;;;
Net9,8800,0.221197,0.079444,0.141753,0.009,78.424,1.000;;;;;;;;
Net9,9000,0.234856,0.099841,0.135015,0.008,80.122,1.000;;;;;;;;
Net9,9200,0.202187,0.080712,0.121475,0.009,81.794,1.000;;;;;;;;
Net9,9400,0.190596,0.077096,0.113500,0.012,83.873,1.000;;;;;;;;
Net9,9600,0.171709,0.064322,0.107386,0.008,85.641,1.000;;;;;;;;
Net9,9800,0.162954,0.068108,0.094846,0.008,87.314,1.000;;;;;;;;
Net9,10000,0.170553,0.067521,0.103032,0.009,88.984,1.000;;;;;;;;
Net9,10200,0.151244,0.059935,0.091309,0.008,90.685,1.000;;;;;;;;
Net9,10400,0.159168,0.076443,0.082725,0.008,92.356,1.000;;;;;;;;
Net9,10600,0.146135,0.059884,0.086251,0.008,94.020,1.000;;;;;;;;
Net9,10800,0.134946,0.057959,0.076987,0.008,96.210,1.000;;;;;;;;
Net9,11000,0.143290,0.061799,0.081490,0.008,97.886,1.000;;;;;;;;
Net9,11200,0.135576,0.052354,0.083222,0.008,99.550,1.000;;;;;;;;
Net9,11400,0.126050,0.051732,0.074318,0.008,101.261,1.000;;;;;;;;
Net9,11600,0.123836,0.052168,0.071668,0.008,102.927,1.000;;;;;;;;
Net9,11800,0.125296,0.056044,0.069252,0.009,104.588,1.000;;;;;;;;
Net9,12000,0.120864,0.053680,0.067184,0.011,106.329,1.000;;;;;;;;
Net9,12200,0.110604,0.046549,0.064055,0.008,108.453,1.000;;;;;;;;
Net9,12400,0.108691,0.045765,0.062925,0.008,110.157,1.000;;;;;;;;
Net9,12600,0.102394,0.039703,0.062691,0.008,111.850,1.000;;;;;;;;
Net9,12800,0.097397,0.038867,0.058529,0.009,113.558,1.000;;;;;;;;
Net9,13000,0.101894,0.042017,0.059877,0.008,115.249,1.000;;;;;;;;
Net9,13200,0.097934,0.037566,0.060368,0.008,116.945,1.000;;;;;;;;
Net9,13400,0.100796,0.039876,0.060920,0.010,118.763,1.000;;;;;;;;
Net9,13600,0.104990,0.047282,0.057708,0.008,120.816,1.000;;;;;;;;
Net9,13800,0.096559,0.039313,0.057246,0.008,122.489,1.000;;;;;;;;
Net9,14000,0.093334,0.037756,0.055577,0.008,124.179,1.000;;;;;;;;
Net9,14200,0.103475,0.046220,0.057255,0.008,125.874,1.000;;;;;;;;
Net9,14400,0.085445,0.033108,0.052336,0.008,127.549,1.000;;;;;;;;
Net9,14600,0.094139,0.038844,0.055295,0.008,129.215,1.000;;;;;;;;
Net9,14800,0.088198,0.034107,0.054091,0.012,131.089,1.000;;;;;;;;
Net9,15000,0.090385,0.035421,0.054964,0.009,133.111,1.000;;;;;;;;
Net9,15200,0.088076,0.038901,0.049175,0.008,134.785,1.000;;;;;;;;
Net9,15400,0.087417,0.036165,0.051251,0.008,136.469,1.000;;;;;;;;
Net9,15600,0.085024,0.035266,0.049758,0.008,138.138,1.000;;;;;;;;
Net9,15800,0.084197,0.032459,0.051738,0.008,139.793,1.000;;;;;;;;
Net9,16000,0.085399,0.035460,0.049939,0.008,141.469,1.000;;;;;;;;
Net9,16200,0.085345,0.038311,0.047035,0.016,143.367,1.000;;;;;;;;
Net9,16400,0.078509,0.029670,0.048839,0.008,145.319,1.000;;;;;;;;
Net9,16600,0.079322,0.028182,0.051140,0.009,146.995,1.000;;;;;;;;
Net9,16800,0.078189,0.029982,0.048208,0.008,148.677,1.000;;;;;;;;
Net9,17000,0.081166,0.031126,0.050040,0.008,150.335,1.000;;;;;;;;
Net9,17200,0.079371,0.028915,0.050456,0.010,152.008,1.000;;;;;;;;
Net9,17400,0.082878,0.030136,0.052742,0.008,153.670,1.000;;;;;;;;
Net9,17600,0.080690,0.031395,0.049295,0.010,155.580,1.000;;;;;;;;
Net9,17800,0.080143,0.032468,0.047675,0.009,157.534,1.000;;;;;;;;
Net9,18000,0.082789,0.034299,0.048490,0.008,159.247,1.000;;;;;;;;
Net9,18200,0.080600,0.031006,0.049594,0.008,160.908,1.000;;;;;;;;
Net9,18400,0.079211,0.030562,0.048650,0.008,162.600,1.000;;;;;;;;
Net9,18600,0.081255,0.034741,0.046514,0.008,164.290,1.000;;;;;;;;
Net9,18800,0.078018,0.028459,0.049559,0.008,165.978,1.000;;;;;;;;
Net9,19000,0.075566,0.029155,0.046411,0.012,167.980,1.000;;;;;;;;
Net9,19200,0.072246,0.028082,0.044164,0.009,169.859,1.000;;;;;;;;
Net9,19400,0.077470,0.029680,0.047789,0.008,171.524,1.000;;;;;;;;
Net9,19600,0.074945,0.030196,0.044749,0.008,173.203,1.000;;;;;;;;
Net9,19800,0.080596,0.029901,0.050695,0.008,174.869,1.000;;;;;;;;
Net9,20000,0.076327,0.027633,0.048695,0.010,176.559,1.000;;;;;;;;
Net10,1,2597.128418,2597.127197,0.001159,0.012,0.012,1.000;;;;;;;;
Net10,200,1136.998779,1128.196533,8.802238,0.010,1.959,1.000;;;;;;;;
Net10,400,25.383799,16.194145,9.189653,0.010,4.466,1.000;;;;;;;;
Net10,600,10.464736,4.269520,6.195216,0.010,6.476,1.000;;;;;;;;
Net10,800,7.075000,2.573173,4.501827,0.010,8.436,1.000;;;;;;;;
Net10,1000,4.992793,1.732298,3.260495,0.009,10.408,1.000;;;;;;;;
Net10,1200,3.063763,0.799563,2.264200,0.010,12.346,1.000;;;;;;;;
Net10,1400,2.435381,0.701682,1.733699,0.011,14.443,1.000;;;;;;;;
Net10,1600,2.178002,0.669287,1.508715,0.010,16.864,1.000;;;;;;;;
Net10,1800,1.735635,0.365145,1.370490,0.010,18.859,1.000;;;;;;;;
Net10,2000,1.655067,0.305788,1.349279,0.009,20.829,1.000;;;;;;;;
Net10,2200,1.494883,0.264076,1.230807,0.013,22.774,1.000;;;;;;;;
Net10,2400,1.467799,0.249104,1.218695,0.010,24.741,1.000;;;;;;;;
Net10,2600,1.511101,0.350302,1.160799,0.012,26.882,1.000;;;;;;;;
Net10,2800,1.287549,0.167543,1.120005,0.010,29.172,1.000;;;;;;;;
Net10,3000,1.205155,0.174286,1.030869,0.009,31.135,1.000;;;;;;;;
Net10,3200,1.189856,0.231829,0.958027,0.010,33.096,1.000;;;;;;;;
Net10,3400,1.170385,0.231021,0.939364,0.010,35.098,1.000;;;;;;;;
Net10,3600,1.088057,0.154508,0.933549,0.010,37.111,1.000;;;;;;;;
Net10,3800,0.926401,0.143545,0.782855,0.013,39.355,1.000;;;;;;;;
Net10,4000,0.882482,0.141456,0.741026,0.010,41.604,1.000;;;;;;;;
Net10,4200,0.788091,0.174675,0.613416,0.009,43.585,1.000;;;;;;;;
Net10,4400,0.906575,0.300770,0.605805,0.016,45.599,1.000;;;;;;;;
Net10,4600,0.674777,0.133767,0.541010,0.010,47.543,1.000;;;;;;;;
Net10,4800,0.606205,0.132096,0.474108,0.009,49.516,1.000;;;;;;;;
Net10,5000,0.607433,0.147941,0.459492,0.018,51.883,1.000;;;;;;;;
Net10,5200,0.531056,0.144048,0.387009,0.013,54.035,1.000;;;;;;;;
Net10,5400,0.490850,0.140444,0.350405,0.009,55.989,1.000;;;;;;;;
Net10,5600,0.549765,0.227970,0.321795,0.009,57.945,1.000;;;;;;;;
Net10,5800,0.440735,0.166657,0.274078,0.009,59.899,1.000;;;;;;;;
Net10,6000,0.337553,0.105314,0.232239,0.010,61.856,1.000;;;;;;;;
Net10,6200,0.496582,0.286425,0.210157,0.013,64.395,1.000;;;;;;;;
Net10,6400,0.298800,0.114838,0.183963,0.010,66.361,1.000;;;;;;;;
Net10,6600,0.273655,0.117409,0.156245,0.011,68.327,1.000;;;;;;;;
Net10,6800,0.282329,0.132697,0.149632,0.010,70.335,1.000;;;;;;;;
Net10,7000,0.219534,0.095789,0.123745,0.009,72.326,1.000;;;;;;;;
Net10,7200,0.184899,0.067630,0.117269,0.010,74.294,1.000;;;;;;;;
Net10,7400,0.206393,0.098463,0.107930,0.009,76.784,1.000;;;;;;;;
Net10,7600,0.244157,0.150908,0.093249,0.010,78.773,1.000;;;;;;;;
Net10,7800,0.172865,0.094114,0.078751,0.009,80.740,1.000;;;;;;;;
Net10,8000,0.156982,0.082454,0.074528,0.009,82.692,1.000;;;;;;;;
Net10,8200,0.168964,0.103542,0.065422,0.010,84.647,1.000;;;;;;;;
Net10,8400,0.185001,0.114316,0.070685,0.013,86.686,1.000;;;;;;;;
Net10,8600,0.124846,0.062787,0.062060,0.009,89.082,1.000;;;;;;;;
Net10,8800,0.118252,0.062215,0.056037,0.009,91.022,1.000;;;;;;;;
Net10,9000,0.115682,0.062244,0.053438,0.010,92.984,1.000;;;;;;;;
Net10,9200,0.107839,0.059342,0.048496,0.010,94.955,1.000;;;;;;;;
Net10,9400,0.113582,0.066616,0.046967,0.009,96.918,1.000;;;;;;;;
Net10,9600,0.100948,0.055182,0.045766,0.016,99.003,1.000;;;;;;;;
Net10,9800,0.089113,0.049119,0.039994,0.010,101.361,1.000;;;;;;;;
Net10,10000,0.103303,0.058937,0.044366,0.010,103.316,1.000;;;;;;;;
Net10,10200,0.095693,0.056143,0.039551,0.010,105.308,1.000;;;;;;;;
Net10,10400,0.083583,0.048293,0.035290,0.009,107.264,1.000;;;;;;;;
Net10,10600,0.090215,0.050328,0.039888,0.010,109.237,1.000;;;;;;;;
Net10,10800,0.079851,0.045219,0.034633,0.012,111.404,1.000;;;;;;;;
Net10,11000,0.084735,0.047661,0.037075,0.009,113.669,1.000;;;;;;;;
Net10,11200,0.079941,0.041464,0.038477,0.009,115.624,1.000;;;;;;;;
Net10,11400,0.071776,0.036915,0.034861,0.010,117.561,1.000;;;;;;;;
Net10,11600,0.076631,0.043224,0.033407,0.009,119.518,1.000;;;;;;;;
Net10,11800,0.080491,0.048107,0.032384,0.009,121.465,1.000;;;;;;;;
Net10,12000,0.075855,0.043429,0.032426,0.011,123.657,1.000;;;;;;;;
Net10,12200,0.065516,0.035414,0.030102,0.009,125.873,1.000;;;;;;;;
Net10,12400,0.063113,0.033475,0.029638,0.011,127.806,1.000;;;;;;;;
Net10,12600,0.066581,0.035030,0.031551,0.009,129.738,1.000;;;;;;;;
Net10,12800,0.064114,0.034629,0.029484,0.009,131.692,1.000;;;;;;;;
Net10,13000,0.066088,0.036526,0.029563,0.009,133.694,1.000;;;;;;;;
Net10,13200,0.065798,0.035649,0.030149,0.015,135.946,1.000;;;;;;;;
Net10,13400,0.062100,0.033966,0.028135,0.011,138.152,1.000;;;;;;;;
Net10,13600,0.059845,0.032070,0.027775,0.015,140.115,1.000;;;;;;;;
Net10,13800,0.059673,0.032411,0.027262,0.009,142.034,1.000;;;;;;;;
Net10,14000,0.058443,0.032547,0.025896,0.009,143.980,1.000;;;;;;;;
Net10,14200,0.056766,0.029313,0.027452,0.010,145.930,1.000;;;;;;;;
Net10,14400,0.051075,0.025868,0.025207,0.012,148.153,1.000;;;;;;;;
Net10,14600,0.056910,0.030121,0.026789,0.010,150.321,1.000;;;;;;;;
Net10,14800,0.057725,0.031705,0.026020,0.010,152.289,1.000;;;;;;;;
Net10,15000,0.053078,0.026653,0.026425,0.010,154.260,1.000;;;;;;;;
Net10,15200,0.049570,0.026013,0.023557,0.010,156.221,1.000;;;;;;;;
Net10,15400,0.053766,0.029360,0.024406,0.010,158.156,1.000;;;;;;;;
Net10,15600,0.052289,0.029114,0.023175,0.011,160.451,1.000;;;;;;;;
Net10,15800,0.048214,0.023938,0.024276,0.009,162.555,1.000;;;;;;;;
Net10,16000,0.051847,0.027851,0.023997,0.009,164.525,1.000;;;;;;;;
Net10,16200,0.049542,0.026610,0.022933,0.010,166.518,1.000;;;;;;;;
Net10,16400,0.048056,0.024981,0.023076,0.010,168.496,1.000;;;;;;;;
Net10,16600,0.048786,0.024744,0.024042,0.010,170.454,1.000;;;;;;;;
Net10,16800,0.046221,0.023947,0.022273,0.014,172.892,1.000;;;;;;;;
Net10,17000,0.052413,0.029228,0.023185,0.010,174.903,1.000;;;;;;;;
Net10,17200,0.048059,0.024607,0.023451,0.010,176.885,1.000;;;;;;;;
Net10,17400,0.047162,0.023003,0.024159,0.009,178.869,1.000;;;;;;;;
Net10,17600,0.045024,0.022241,0.022783,0.010,180.844,1.000;;;;;;;;
Net10,17800,0.044738,0.022273,0.022466,0.010,182.818,1.000;;;;;;;;
Net10,18000,0.045307,0.022751,0.022556,0.010,185.341,1.000;;;;;;;;
Net10,18200,0.045215,0.021997,0.023217,0.009,187.314,1.000;;;;;;;;
Net10,18400,0.043852,0.021355,0.022497,0.010,189.289,1.000;;;;;;;;
Net10,18600,0.044037,0.022502,0.021536,0.010,191.238,1.000;;;;;;;;
Net10,18800,0.045136,0.021831,0.023305,0.010,193.192,1.000;;;;;;;;
Net10,19000,0.043536,0.021884,0.021653,0.015,195.191,1.000;;;;;;;;
Net10,19200,0.044196,0.023086,0.021110,0.009,197.617,1.000;;;;;;;;
Net10,19400,0.044769,0.021693,0.023076,0.009,199.578,1.000;;;;;;;;
Net10,19600,0.041113,0.020222,0.020891,0.009,201.543,1.000;;;;;;;;
Net10,19800,0.044872,0.022124,0.022747,0.009,203.481,1.000;;;;;;;;
Net10,20000,0.041135,0.019160,0.021975,0.009,205.413,1.000;;;;;;;;
Net11,1,2596.991455,2596.979248,0.012229,0.010,0.010,1.000;;;;;;;;
Net11,200,33.958019,24.162724,9.795297,0.013,2.028,1.000;;;;;;;;
Net11,400,5.987977,1.973923,4.014054,0.009,4.385,1.000;;;;;;;;
Net11,600,3.311772,1.101935,2.209837,0.011,6.329,1.000;;;;;;;;
Net11,800,2.246861,0.581050,1.665812,0.009,8.287,1.000;;;;;;;;
Net11,1000,1.880967,0.412583,1.468384,0.009,10.259,1.000;;;;;;;;
Net11,1200,1.719097,0.355077,1.364019,0.009,12.211,1.000;;;;;;;;
Net11,1400,1.499376,0.255250,1.244127,0.012,14.316,1.000;;;;;;;;
Net11,1600,1.425451,0.225033,1.200418,0.010,16.638,1.000;;;;;;;;
Net11,1800,1.308743,0.206283,1.102459,0.011,18.599,1.000;;;;;;;;
Net11,2000,1.268809,0.171977,1.096832,0.012,20.593,1.000;;;;;;;;
Net11,2200,1.147734,0.157893,0.989841,0.009,22.547,1.000;;;;;;;;
Net11,2400,1.507003,0.547701,0.959302,0.010,24.505,1.000;;;;;;;;
Net11,2600,1.099042,0.190208,0.908834,0.011,26.682,1.000;;;;;;;;
Net11,2800,1.160506,0.311046,0.849461,0.009,28.943,1.000;;;;;;;;
Net11,3000,1.045071,0.268837,0.776233,0.010,30.902,1.000;;;;;;;;
Net11,3200,1.088740,0.376954,0.711785,0.010,32.871,1.000;;;;;;;;
Net11,3400,0.869827,0.175027,0.694799,0.009,34.855,1.000;;;;;;;;
Net11,3600,0.892528,0.195593,0.696935,0.010,36.827,1.000;;;;;;;;
Net11,3800,0.729455,0.160530,0.568925,0.012,39.058,1.000;;;;;;;;
Net11,4000,0.639133,0.093095,0.546038,0.010,41.259,1.000;;;;;;;;
Net11,4200,0.625323,0.172782,0.452542,0.009,43.221,1.000;;;;;;;;
Net11,4400,0.829602,0.393110,0.436492,0.010,45.190,1.000;;;;;;;;
Net11,4600,0.490988,0.100189,0.390799,0.010,47.154,1.000;;;;;;;;
Net11,4800,0.536042,0.203736,0.332307,0.010,49.133,1.000;;;;;;;;
Net11,5000,0.589551,0.270404,0.319147,0.011,51.501,1.000;;;;;;;;
Net11,5200,0.367051,0.106625,0.260425,0.009,53.617,1.000;;;;;;;;
Net11,5400,0.374483,0.139564,0.234919,0.010,55.557,1.000;;;;;;;;
Net11,5600,0.286829,0.079643,0.207186,0.010,57.520,1.000;;;;;;;;
Net11,5800,0.308074,0.130100,0.177975,0.010,59.477,1.000;;;;;;;;
Net11,6000,0.448102,0.293678,0.154425,0.009,61.439,1.000;;;;;;;;
Net11,6200,0.478732,0.342936,0.135795,0.016,63.849,1.000;;;;;;;;
Net11,6400,0.207864,0.086304,0.121560,0.010,65.851,1.000;;;;;;;;
Net11,6600,0.207992,0.103495,0.104497,0.009,67.791,1.000;;;;;;;;
Net11,6800,0.222223,0.119805,0.102419,0.010,69.744,1.000;;;;;;;;
Net11,7000,0.165557,0.078411,0.087146,0.010,71.695,1.000;;;;;;;;
Net11,7200,0.147480,0.064822,0.082658,0.009,73.643,1.000;;;;;;;;
Net11,7400,0.148677,0.068073,0.080605,0.010,76.117,1.000;;;;;;;;
Net11,7600,0.194918,0.122369,0.072549,0.009,78.064,1.000;;;;;;;;
Net11,7800,0.114194,0.054828,0.059366,0.010,80.010,1.000;;;;;;;;
Net11,8000,0.163085,0.105356,0.057728,0.011,81.953,1.000;;;;;;;;
Net11,8200,0.100090,0.047822,0.052268,0.010,83.900,1.000;;;;;;;;
Net11,8400,0.099663,0.041948,0.057715,0.009,85.835,1.000;;;;;;;;
Net11,8600,0.121604,0.068804,0.052800,0.009,88.291,1.000;;;;;;;;
Net11,8800,0.174125,0.126990,0.047135,0.013,90.255,1.000;;;;;;;;
Net11,9000,0.081897,0.036818,0.045079,0.010,92.196,1.000;;;;;;;;
Net11,9200,0.131012,0.089306,0.041706,0.009,94.168,1.000;;;;;;;;
Net11,9400,0.078648,0.035533,0.043115,0.010,96.136,1.000;;;;;;;;
Net11,9600,0.074434,0.033864,0.040571,0.009,98.089,1.000;;;;;;;;
Net11,9800,0.107283,0.071515,0.035768,0.009,100.552,1.000;;;;;;;;
Net11,10000,0.086414,0.046470,0.039943,0.011,102.505,1.000;;;;;;;;
Net11,10200,0.069349,0.035204,0.034145,0.010,104.481,1.000;;;;;;;;
Net11,10400,0.108400,0.076707,0.031693,0.009,106.465,1.000;;;;;;;;
Net11,10600,0.064010,0.029132,0.034878,0.009,108.419,1.000;;;;;;;;
Net11,10800,0.074068,0.043866,0.030202,0.020,110.499,1.000;;;;;;;;
Net11,11000,0.058610,0.025428,0.033182,0.010,112.883,1.000;;;;;;;;
Net11,11200,0.057715,0.023967,0.033748,0.010,114.890,1.000;;;;;;;;
Net11,11400,0.060816,0.029506,0.031311,0.009,116.836,1.000;;;;;;;;
Net11,11600,0.056555,0.026987,0.029568,0.010,118.803,1.000;;;;;;;;
Net11,11800,0.051688,0.023446,0.028242,0.010,120.795,1.000;;;;;;;;
Net11,12000,0.053068,0.025121,0.027947,0.012,122.943,1.000;;;;;;;;
Net11,12200,0.044646,0.018381,0.026265,0.010,125.268,1.000;;;;;;;;
Net11,12400,0.045835,0.019782,0.026053,0.009,127.261,1.000;;;;;;;;
Net11,12600,0.047571,0.020712,0.026859,0.010,129.241,1.000;;;;;;;;
Net11,12800,0.047164,0.020884,0.026280,0.009,131.221,1.000;;;;;;;;
Net11,13000,0.044439,0.019279,0.025161,0.009,133.178,1.000;;;;;;;;
Net11,13200,0.046660,0.022103,0.024557,0.012,135.422,1.000;;;;;;;;
Net11,13400,0.042092,0.019036,0.023056,0.010,137.656,1.000;;;;;;;;
Net11,13600,0.042571,0.019475,0.023096,0.009,139.640,1.000;;;;;;;;
Net11,13800,0.037860,0.015687,0.022173,0.010,141.658,1.000;;;;;;;;
Net11,14000,0.036521,0.015323,0.021199,0.010,143.640,1.000;;;;;;;;
Net11,14200,0.037074,0.015228,0.021846,0.010,145.636,1.000;;;;;;;;
Net11,14400,0.036490,0.015733,0.020757,0.013,148.281,1.000;;;;;;;;
Net11,14600,0.035548,0.013856,0.021692,0.015,150.934,1.000;;;;;;;;
Net11,14800,0.036704,0.015750,0.020954,0.010,153.526,1.000;;;;;;;;
Net11,15000,0.034829,0.013401,0.021428,0.024,155.888,1.000;;;;;;;;
Net11,15200,0.031977,0.012609,0.019368,0.026,158.132,1.000;;;;;;;;
Net11,15400,0.035515,0.015867,0.019647,0.013,160.983,1.000;;;;;;;;
Net11,15600,0.032158,0.013649,0.018508,0.010,163.256,1.000;;;;;;;;
Net11,15800,0.033418,0.014619,0.018800,0.009,165.239,1.000;;;;;;;;
Net11,16000,0.031150,0.012528,0.018622,0.016,167.219,1.000;;;;;;;;
Net11,16200,0.030391,0.012030,0.018361,0.010,169.202,1.000;;;;;;;;
Net11,16400,0.030353,0.012486,0.017867,0.012,171.401,1.000;;;;;;;;
Net11,16600,0.031431,0.013046,0.018385,0.010,173.761,1.000;;;;;;;;
Net11,16800,0.028707,0.010765,0.017942,0.009,175.735,1.000;;;;;;;;
Net11,17000,0.031226,0.013411,0.017814,0.009,177.695,1.000;;;;;;;;
Net11,17200,0.029184,0.011325,0.017859,0.009,179.631,1.000;;;;;;;;
Net11,17400,0.030325,0.011945,0.018380,0.009,181.605,1.000;;;;;;;;
Net11,17600,0.028131,0.010829,0.017302,0.013,183.758,1.000;;;;;;;;
Net11,17800,0.029077,0.011648,0.017429,0.009,186.038,1.000;;;;;;;;
Net11,18000,0.027685,0.010634,0.017051,0.010,187.984,1.000;;;;;;;;
Net11,18200,0.029039,0.011048,0.017991,0.010,189.948,1.000;;;;;;;;
Net11,18400,0.027529,0.010220,0.017309,0.010,191.916,1.000;;;;;;;;
Net11,18600,0.025715,0.009429,0.016286,0.010,193.867,1.000;;;;;;;;
Net11,18800,0.028069,0.010196,0.017873,0.011,196.079,1.000;;;;;;;;
Net11,19000,0.026663,0.010022,0.016640,0.010,198.303,1.000;;;;;;;;
Net11,19200,0.028314,0.011737,0.016577,0.009,200.267,1.000;;;;;;;;
Net11,19400,0.027129,0.009832,0.017297,0.010,202.271,1.000;;;;;;;;
Net11,19600,0.025456,0.009893,0.015563,0.009,204.239,1.000;;;;;;;;
Net11,19800,0.025802,0.008493,0.017309,0.009,206.176,1.000;;;;;;;;
Net11,20000,0.024637,0.008260,0.016377,0.015,208.439,1.000;;;;;;;;
Net12,1,2597.257812,2597.248047,0.009796,0.031,0.031,1.000;;;;;;;;
Net12,200,1156.803345,1149.004761,7.798561,0.020,4.254,1.000;;;;;;;;
Net12,400,58.807083,45.524761,13.282322,0.021,9.080,1.000;;;;;;;;
Net12,600,41.847965,28.461414,13.386550,0.020,13.403,1.000;;;;;;;;
Net12,800,40.085186,26.444813,13.640372,0.023,17.758,1.000;;;;;;;;
Net12,1000,19.475185,8.852765,10.622421,0.032,22.706,1.000;;;;;;;;
Net12,1200,12.502860,5.316624,7.186236,0.022,26.925,1.000;;;;;;;;
Net12,1400,8.479128,2.805779,5.673349,0.026,31.280,1.000;;;;;;;;
Net12,1600,6.918113,2.707529,4.210584,0.021,35.907,1.000;;;;;;;;
Net12,1800,9.090078,5.772702,3.317377,0.020,40.520,1.000;;;;;;;;
Net12,2000,4.437378,1.733391,2.703987,0.020,45.334,1.000;;;;;;;;
Net12,2200,4.259913,2.099771,2.160142,0.021,49.498,1.000;;;;;;;;
Net12,2400,4.210027,2.287309,1.922718,0.020,53.705,1.000;;;;;;;;
Net12,2600,4.116302,2.343899,1.772403,0.021,58.484,1.000;;;;;;;;
Net12,2800,3.521534,1.935790,1.585744,0.021,62.670,1.000;;;;;;;;
Net12,3000,2.628996,1.193179,1.435817,0.030,66.964,1.000;;;;;;;;
Net12,3200,2.679204,1.298181,1.381023,0.020,71.700,1.000;;;;;;;;
Net12,3400,2.473802,1.098111,1.375692,0.021,75.933,1.000;;;;;;;;
Net12,3600,2.550794,1.119962,1.430832,0.028,80.628,1.000;;;;;;;;
Net12,3800,2.232390,0.961024,1.271366,0.022,84.917,1.000;;;;;;;;
Net12,4000,2.416134,1.121204,1.294930,0.020,89.147,1.000;;;;;;;;
Net12,4200,1.915090,0.741678,1.173413,0.022,93.956,1.000;;;;;;;;
Net12,4400,2.327650,1.096110,1.231540,0.024,98.153,1.000;;;;;;;;
Net12,4600,2.152833,0.931193,1.221641,0.020,102.370,1.000;;;;;;;;
Net12,4800,2.540902,1.385865,1.155037,0.020,107.135,1.000;;;;;;;;
Net12,5000,2.303653,1.072467,1.231186,0.020,111.347,1.000;;;;;;;;
Net12,5200,1.770914,0.624076,1.146838,0.027,115.731,1.000;;;;;;;;
Net12,5400,1.948968,0.807781,1.141187,0.021,120.320,1.000;;;;;;;;
Net12,5600,4.035772,2.867778,1.167995,0.020,124.522,1.000;;;;;;;;
Net12,5800,1.957438,0.840421,1.117017,0.021,129.290,1.000;;;;;;;;
Net12,6000,3.496295,2.427744,1.068552,0.023,133.566,1.000;;;;;;;;
Net12,6200,1.576469,0.509440,1.067029,0.022,137.764,1.000;;;;;;;;
Net12,6400,1.671007,0.669927,1.001080,0.020,142.577,1.000;;;;;;;;
Net12,6600,1.336388,0.329893,1.006496,0.021,146.810,1.000;;;;;;;;
Net12,6800,1.835355,0.802395,1.032959,0.020,151.012,1.000;;;;;;;;
Net12,7000,1.422494,0.461967,0.960527,0.021,155.822,1.000;;;;;;;;
Net12,7200,1.562622,0.583800,0.978822,0.020,159.992,1.000;;;;;;;;
Net12,7400,1.553639,0.571148,0.982491,0.035,164.619,1.000;;;;;;;;
Net12,7600,1.255173,0.326248,0.928925,0.020,168.981,1.000;;;;;;;;
Net12,7800,2.079206,1.168479,0.910728,0.020,173.226,1.000;;;;;;;;
Net12,8000,1.250544,0.369698,0.880846,0.020,177.977,1.000;;;;;;;;
Net12,8200,1.241902,0.382735,0.859167,0.024,182.148,1.000;;;;;;;;
Net12,8400,1.363800,0.471863,0.891937,0.021,186.368,1.000;;;;;;;;
Net12,8600,1.169030,0.360139,0.808891,0.022,191.146,1.000;;;;;;;;
Net12,8800,1.189452,0.358652,0.830800,0.021,195.390,1.000;;;;;;;;
Net12,9000,1.158870,0.339505,0.819364,0.027,199.705,1.000;;;;;;;;
Net12,9200,1.131585,0.360883,0.770702,0.020,204.340,1.000;;;;;;;;
Net12,9400,1.203692,0.445488,0.758204,0.022,208.532,1.000;;;;;;;;
Net12,9600,0.956616,0.225255,0.731361,0.020,213.405,1.000;;;;;;;;
Net12,9800,1.059329,0.345038,0.714291,0.022,217.648,1.000;;;;;;;;
Net12,10000,0.914883,0.170293,0.744590,0.031,221.890,1.000;;;;;;;;
Net12,10200,1.006016,0.285094,0.720921,0.020,226.678,1.000;;;;;;;;
Net12,10400,0.867934,0.196933,0.671001,0.020,230.850,1.000;;;;;;;;
Net12,10600,0.851754,0.172855,0.678899,0.020,235.059,1.000;;;;;;;;
Net12,10800,0.877802,0.235717,0.642085,0.020,239.808,1.000;;;;;;;;
Net12,11000,0.826050,0.165811,0.660240,0.020,243.998,1.000;;;;;;;;
Net12,11200,0.817847,0.164738,0.653109,0.026,248.447,1.000;;;;;;;;
Net12,11400,0.803217,0.214057,0.589160,0.020,253.008,1.000;;;;;;;;
Net12,11600,0.750061,0.154802,0.595259,0.020,257.197,1.000;;;;;;;;
Net12,11800,0.738923,0.141871,0.597052,0.020,261.928,1.000;;;;;;;;
Net12,12000,0.762816,0.188526,0.574290,0.025,266.164,1.000;;;;;;;;
Net12,12200,0.694507,0.153534,0.540973,0.021,270.353,1.000;;;;;;;;
Net12,12400,0.654808,0.158649,0.496159,0.020,275.103,1.000;;;;;;;;
Net12,12600,0.698065,0.169436,0.528629,0.021,279.299,1.000;;;;;;;;
Net12,12800,0.608378,0.131150,0.477228,0.035,283.517,1.000;;;;;;;;
Net12,13000,0.605524,0.111253,0.494271,0.020,288.220,1.000;;;;;;;;
Net12,13200,0.599625,0.111689,0.487937,0.022,292.385,1.000;;;;;;;;
Net12,13400,0.626741,0.113406,0.513334,0.034,296.955,1.000;;;;;;;;
Net12,13600,0.622961,0.153227,0.469734,0.020,301.293,1.000;;;;;;;;
Net12,13800,0.590989,0.117809,0.473180,0.021,305.467,1.000;;;;;;;;
Net12,14000,0.589292,0.125527,0.463764,0.021,310.272,1.000;;;;;;;;
Net12,14200,0.556605,0.107372,0.449233,0.020,314.498,1.000;;;;;;;;
Net12,14400,0.516402,0.099726,0.416676,0.020,318.686,1.000;;;;;;;;
Net12,14600,0.529626,0.115474,0.414152,0.021,323.454,1.000;;;;;;;;
Net12,14800,0.520371,0.110418,0.409953,0.021,327.642,1.000;;;;;;;;
Net12,15000,0.502675,0.091955,0.410720,0.030,331.990,1.000;;;;;;;;
Net12,15200,0.462516,0.088929,0.373587,0.023,336.614,1.000;;;;;;;;
Net12,15400,0.476571,0.082352,0.394218,0.020,340.807,1.000;;;;;;;;
Net12,15600,0.470643,0.092170,0.378473,0.036,345.566,1.000;;;;;;;;
Net12,15800,0.461856,0.096870,0.364986,0.026,349.800,1.000;;;;;;;;
Net12,16000,0.453326,0.091287,0.362039,0.022,353.965,1.000;;;;;;;;
Net12,16200,0.426318,0.090555,0.335763,0.020,358.706,1.000;;;;;;;;
Net12,16400,0.448611,0.090193,0.358417,0.020,362.882,1.000;;;;;;;;
Net12,16600,0.422313,0.076909,0.345405,0.020,367.035,1.000;;;;;;;;
Net12,16800,0.406303,0.084252,0.322051,0.020,372.017,1.000;;;;;;;;
Net12,17000,0.417295,0.078524,0.338771,0.020,376.235,1.000;;;;;;;;
Net12,17200,0.435842,0.080177,0.355665,0.027,380.774,1.000;;;;;;;;
Net12,17400,0.426644,0.080657,0.345987,0.021,385.353,1.000;;;;;;;;
Net12,17600,0.408470,0.083260,0.325210,0.020,389.498,1.000;;;;;;;;
Net12,17800,0.411191,0.084705,0.326485,0.020,394.276,1.000;;;;;;;;
Net12,18000,0.418117,0.077138,0.340979,0.021,398.435,1.000;;;;;;;;
Net12,18200,0.378279,0.068640,0.309639,0.020,402.675,1.000;;;;;;;;
Net12,18400,0.391444,0.077707,0.313737,0.020,407.391,1.000;;;;;;;;
Net12,18600,0.382200,0.073213,0.308987,0.020,411.590,1.000;;;;;;;;
Net12,18800,0.394261,0.074557,0.319704,0.033,415.801,1.000;;;;;;;;
Net12,19000,0.390693,0.068944,0.321749,0.021,420.635,1.000;;;;;;;;
Net12,19200,0.376355,0.076041,0.300314,0.022,424.856,1.000;;;;;;;;
Net12,19400,0.378676,0.068617,0.310058,0.034,429.540,1.000;;;;;;;;
Net12,19600,0.378753,0.070991,0.307762,0.020,433.913,1.000;;;;;;;;
Net12,19800,0.400351,0.072783,0.327568,0.020,438.111,1.000;;;;;;;;
Net12,20000,0.377463,0.071233,0.306230,0.027,442.912,1.000;;;;;;;;
